id,vayu,source,answer,desc
1,【S4】,第一届随蓝知识竞赛,十月革命,这一事件发生于1917年，它宣告了第一个无产阶级专政国家的成立。因其发生在俄历十月而得名。
2,【D4】,第一届随蓝知识竞赛,电磁感应,这一现象是指放在变化磁通量中的导体，会产生电动势。发现者是法拉第。
3,【W4】,第一届随蓝知识竞赛,瓮牖绳枢,比喻贫穷人家，最早说的是陈涉的房子的门窗构造。
4,【L5】,第一届随蓝知识竞赛,蓝色多瑙河,被称为“奥地利的第二国歌”，作者是小约翰斯特劳斯，是一首圆舞曲，提到了欧洲第二长河。
8,【B2】,第一届随蓝知识竞赛,冰壶,这是一项4对4的体育运动，是一项冬季运动，有“冰上国际象棋”的称号，也叫冰上溜石。
10,【C2】,第一届随蓝知识竞赛,萃取,这是一种分离混合物的操作，是利用系统中组分在溶剂中有不同的溶解度来实现的，通常完成这一操作后会进行分液。
12,【A5】,第一届随蓝知识竞赛,阿伏伽德罗,这位化学家提出同温同压同体积的气体分子数相同，以他命名的常数为一摩尔物质所含的基本单元数量。
13,【F2】,第一届随蓝知识竞赛,佛系,这个网络流行词于2014年起源于日本，在2017年底才在国内流传开。表达的是一种有目的地放下的生活态度。首字是一个宗教名。
17,【C2】,第一届随蓝知识竞赛,单于,这是一个复姓，也是匈奴首领的称号。
21,【C4】,第一届随蓝知识竞赛,澶渊之盟,这是北宋与辽在经过25年战争后缔结的盟约。
27,【W2】,第一届随蓝知识竞赛,韦庄,他是花间派的代表人物，也是韦应物的四世孙。代表作是《秦妇吟》。
32,【B5】,第一届随蓝知识竞赛,毕达哥拉斯,这位古希腊哲学家、数学家提出的一个定理在中国称为勾股定理。
34,【H3】,第一届随蓝知识竞赛,华尔兹,这是一种舞蹈形式，采用3/4拍音乐，也称圆舞，用字母W表示，因其首字母为W。
35,【Y2】,第一届随蓝知识竞赛,氧化,这个词狭义上是指物质获得某种元素的过程，广义上是物质失去电子的过程。
39,【X5】,第一届随蓝知识竞赛,夕阳无限好,这是李商隐登上乐游原后看到的景象。
40,【F3】,第一届随蓝知识竞赛,粉刷匠,这是一首波兰儿歌，歌曲只有5个音，歌名是一个职业。主人公的鼻子最后变了样。
42,【H2】,第一届随蓝知识竞赛,贺铸,这位词人因其貌不扬被称为“鬼头”，因著名的“梅子黄时雨”被称为“贺梅子”。
43,【B7】,第一届随蓝知识竞赛,不尽长江滚滚流,这是辛弃疾在北固亭所写，与杜甫《登高》一句只差一字，描写长江的气势。
47,【G4】,第一届随蓝知识竞赛,高锰酸钾,这是一种强氧化剂，固体为黑色，溶液为紫色，加热分解可以产生氧气。
48,【G2】,第一届随蓝知识竞赛,郭嘉,这位谋士原为袁绍部下，后转投曹操，为曹操立下了不少功勋，却英年早逝，在逝世前他献上遗计帮曹操平定辽东。
53,【S2】,第一届随蓝知识竞赛,色散,这个词指复色光通过棱镜时，各种色光传播方向有不同程度的偏折的现象，也是彩虹的形成原理。
55,【B4】,第一届随蓝知识竞赛,白令海峡,它既沟通了两个大洋，也是两个大洲的分界线。国际日界线经过了它。
56,【M3】,第一届随蓝知识竞赛,茉莉花,这是一种植物，江苏有以此为名的民歌，称它为“满园花开也香不过它”。
58,【X6】,第一届随蓝知识竞赛,肖申克的救赎,这部电影改编自同名小说，写了主人公安迪的40年监狱生涯，监狱的名字叫Shawshank。
59,【J7】,第一届随蓝知识竞赛,即从巴峡穿巫峡,这是杜甫听闻收复河北后规划的回家路线。
63,【Z2】,第一届随蓝知识竞赛,桌面,这个词指打开计算机并登录到系统之后看到的显示器主屏幕区域。英文叫desktop。
64,【G3】,第一届随蓝知识竞赛,坩埚钳,这是一种化学仪器，用耐火材料制作，可用来夹取瓷制仪器，如蒸发皿、坩埚。
65,【G4】,第一届随蓝知识竞赛,格陵兰岛,这个岛屿终年严寒，属于丹麦，是世界上最大的岛。
69,【L3】,第一届随蓝知识竞赛,连连看,这是一个游戏，目标是用三根以内的线连接相同的两个方块以消除屏幕上所有方块。
70,【X3】,第一届随蓝知识竞赛,西江月,这个词牌正体为双调五十字，名字在李白《苏台览古》中有提及，“稻花香里说丰年”便出自该词牌。
72,【J2】,第一届随蓝知识竞赛,蒋捷,这位词人被称为“樱桃进士”，因其有名句“红了樱桃，绿了芭蕉”。
73,【Z2】,第一届随蓝知识竞赛,舴艋,这种交通工具因为体积像某种动物一样小而得名。李清照曾想过去双溪划它
74,【S7】,第一届随蓝知识竞赛,疏影横斜水清浅,这个名句描写了花的姿态，林逋改前人“竹影”为“疏影“所得。
78,【Q3】,第一届随蓝知识竞赛,乞骸骨,这是一种辞官的说法，意思是请求归葬故乡，安度晚年。
79,【G2】,第一届随蓝知识竞赛,冠词,这是英语词性中最小的一类，只有a，an，the三个。
80,【H2】,第一届随蓝知识竞赛,滑稽,这个词最早是一种流酒器，现在的意思是“荒唐，可笑”，也是一个著名网络表情。
82,【G2】,第一届随蓝知识竞赛,国债,这种投资方式被公认为是最安全的投资工具。因为它由国家发行。也称国家公债。
83,【E3】,第一届随蓝知识竞赛,二进制,这是莱布尼兹提出的，广泛运用于计算机领域的计数方法。只用了0和1两个数码。
84,【E4】,第一届随蓝知识竞赛,二十四桥,这是杜牧、姜夔写过的古代扬州著名景点，新修为单孔拱桥。
85,【M4】,第一届随蓝知识竞赛,明治维新,这场改革始于1868年，它使日本成为亚洲第一个走上工业化道路的国家。
86,【H3】,第一届随蓝知识竞赛,花青素,这是一类色素，广泛存在于植物中，能使花瓣呈现五彩缤纷的颜色。
88,【L7】,第一届随蓝知识竞赛,落月摇情满江树,这是《春江花月夜》的最后一句，上句是“不知乘月几人归”。
90,【Y2】,第一届随蓝知识竞赛,余切,在直角三角形中，它是任意一角的邻边和对边之比，和它的正切互为倒数。
92,【Q6】,第一届随蓝知识竞赛,气体摩尔体积,这个量在温度和压强确定时是一个常量，它表示单位物质的量的气体所占的体积。
93,【T4】,第一届随蓝知识竞赛,同旁内角,这是两条直线被第三条直线所截，在截线同一边，且在被截线之内的两角。在平行直线中这两个角互补。
97,【W5】,第一届随蓝知识竞赛,吾爱孟夫子,这是一句“告白”，李白用直接抒情的手法表达了对孟浩然的欣赏
98,【H2】,第一届随蓝知识竞赛,昏线,这条线与太阳光线垂直，是地球顺着自转方向，由昼半球进入夜半球的线。
100,【X3】,第一届随蓝知识竞赛,谢道韫,这位才女出身名门，是王羲之的儿媳，谢安的侄女。有“咏絮之才”。吟过“未若柳絮因风起”。
107,【J5】,第一届随蓝知识竞赛,碱式碳酸铜,这种物质在自然界中以孔雀石的形式存在，是铜在空气中“生锈”的产物，又叫“铜绿”
109,【G3】,第一届随蓝知识竞赛,广陵散,这是一部古琴曲，据传是幽灵传于嵇康。嵇康于临死前称其绝矣。
112,【Z2】,第一届随蓝知识竞赛,正色,这个词有态度严肃的意思，在古代也特指几种纯色，和“间色”相对。
116,【T6】,第一届随蓝知识竞赛,条件状语从句,这是英语中的一种句型，指某一件事情实现之后，其它事情才能发生。通常由if或者unless引导。
119,【J4】,第一届随蓝知识竞赛,建安七子,这是几位文学家的合称，他们大体上代表了那个时代除了三曹以外的优秀文学家。
122,【Z6】,第一届随蓝知识竞赛,整体认读音节,这个词指拼音中不用拼读即直接读出的音节。共16个。
123,【H4】,第一届随蓝知识竞赛,黄金分割/黄金比例,将一条线段分割为两部分后，这个比值既是较大部分与全长的比值，也等于较小部分与较大部分的比值。约为0.618。
124,【W2】,第一届随蓝知识竞赛,微软,这家美国公司是计算机软件的先导，创办于1975年，创办者是比尔盖茨。
126,【X3】,第一届随蓝知识竞赛,许海峰,这是一位射击运动员，他获得了中国奥运史上的第一枚金牌。
128,【K2】,第一届随蓝知识竞赛,夸克,这是一种参与强相互作用的基本粒子，甚至比电子还小，只能在强子里被找到。
129,【J2】,第一届随蓝知识竞赛,甲醛,这是一种无色气体，易溶于水和乙醇。40%水溶液被称为福尔马林。新装修房间里可能有残留。
131,【G4】,第一届随蓝知识竞赛,光荣革命,这是一场没有暴力的政变，发生于英国，它推翻了詹姆士二世的统治，次年英国通过了《权利法案》。
133,【L4】,第一届随蓝知识竞赛,犁生骍角,这个词比喻劣父有好的儿女，本意是杂色牛生纯赤色，角周正的小牛。
136,【E2】,第一届随蓝知识竞赛,鸸鹋,这是世界第二大鸟，也叫澳洲鸵鸟，是澳大利亚的特产。
138,【Z2】,第一届随蓝知识竞赛,组距,这个词指将数据分为若干组后每组数据的最大值与最小值之差，可以方便画直方图。
139,【S3】,第一届随蓝知识竞赛,双曲线,这一图形可以定义为与两个定点的距离差是常数的轨迹。反比例函数的图像也是这个图形。
141,【B7】,第一届随蓝知识竞赛,不辞长作岭南人,这是作者面对美食愿意做出的让步，他认为自己可以生活在蛮夷之地，只要每天吃足够的荔枝。
144,【W3】,第一届随蓝知识竞赛,望海潮,该词牌正体双调一百零七字，创调者是柳永，他的这首词写的是杭州的繁华景象
147,【J3】,第一届随蓝知识竞赛,剪羊毛,这首澳大利亚民歌描述了牧场的生活，与当地常见的一种动物有关。
148,【H4】,第一届随蓝知识竞赛,海伦公式,这一公式以一位古希腊人的名字命名，在中国宋代被称为“三斜求积术”，由秦九韶提出。该公式给出了已知三角形三边长，求其面积的方法。
150,【C5】,第一届随蓝知识竞赛,超级马里奥,这是任天堂的一款经典游戏，主人公是一个水管工，他吃蘑菇可以长大。
151,【S2】,第一届随蓝知识竞赛,声呐,这是一种利用声波在水下的传播特性，通过电声转换和信息处理，完成水下探测和通讯任务的电子设备。全称为声音导航与测距
153,【C3】,第一届随蓝知识竞赛,陈圆圆,这是一位美女，是秦淮八艳之一，“冲冠一怒为红颜”的红颜指的就是她。
154,【T4】,第一届随蓝知识竞赛,通货膨胀,这个词指在货币流通条件下，因货币供给大于货币实际需求，导致货币贬值，一段时间内物价上涨的现象。
157,【J5】,第一届随蓝知识竞赛,金陵十二钗,这是红楼梦的别名，也指书中的一群女子，前两字是地名。
161,【L2】,第一届随蓝知识竞赛,李蟠,这位进士是韩愈的弟子，喜欢古文，是韩愈《师说》的赠与对象。
163,【A3】,第一届随蓝知识竞赛,阿加莎,这位英国作家被称为推理女王，绰号“阿婆”，代表作有《无人生还》等。
168,【X3】,第一届随蓝知识竞赛,雪绒花,这是一种植物，《音乐之声》中有同名插曲，英文名为edelweiss。
171,【G3】,第一届随蓝知识竞赛,公有制,这是一种经济制度，该制度下生产资料归劳动者共同所有。是我国经济制度的主体。
179,【K4】,第一届随蓝知识竞赛,控制面板,这是计算机中用户界面的一部分，允许用户查看并操作基本的系统设置，比如控制用户帐户，更改辅助功能选项等。
180,【Z3】,第一届随蓝知识竞赛,张格尔,这个人是萨木萨克的后裔，道光年间在浩罕汗国的支持下入侵了七城，几乎占领了全部南疆，后来在扬威将军长龄的反击下战败被擒，被押送北京处死。
183,【H4】,第一届随蓝知识竞赛,火影忍者,这是一部已完结的日本动漫，作者为岸本齐史，主角为漩涡鸣人。
184,【H2】,第一届随蓝知识竞赛,菡萏,这是荷花的别称，也指未开的荷花，李商隐称其为“卷舒开合任天真”。
185,【N2】,第一届随蓝知识竞赛,内能,这个词指的是组成物体分子的无规则热运动动能和分子间相互作用势能的总和。与温度有关。
186,【D2】,第一届随蓝知识竞赛,玳瑁,这是一种有机宝石，主要来源为一种同名海龟。有一种猫也叫这个名字。沈佺期的“卢家少妇郁金堂”下句提到过。
187,【X2】,第一届随蓝知识竞赛,向量,这个词在数学上可以用带箭头的线段表示，它指同时具有大小和方向的量，也称矢量。
188,【D4】,第一届随蓝知识竞赛,丹霞地貌,这是以陆相为主的红层发育的具有陡崖坡的地貌。首字便有“红”的意思
191,【Y5】,第一届随蓝知识竞赛,饮中八仙歌,这是杜甫的作品，该作品写了好饮的“酒中八仙人”，“天子呼来不上船”便出自此作。
196,【Z2】,第一届随蓝知识竞赛,茱萸,这种植物又名艾子，常绿带香，有杀虫祛寒的功能。古时候重阳节登高经常佩戴装有它的布袋。
197,【W3】,第一届随蓝知识竞赛,万维网,这是环球信息网，即www的另一个中文译名，该翻译的三个字的声母也均为W
203,【S4】,第一届随蓝知识竞赛,四库全书,这部丛书分经史子集四部，于乾隆时期由纪昀等人编纂。
205,【L4】,第一届随蓝知识竞赛,洛伦兹力,这个词指的是运动电荷在磁场中所受到的力，运动方向可用左手定则判断。
206,【M4】,第一届随蓝知识竞赛,木牛流马,这是一种运输工具，传说由诸葛亮发明用于运载军粮。
208,【Q3】,第一届随蓝知识竞赛,秦罗敷,这个名字在《孔雀东南飞》和《陌上桑》中都有提及，其中在《陌上桑》中这是主角的名字。
210,【Y3】,第一届随蓝知识竞赛,阳明山,这是一座山，在湖南和台湾都有同名建筑。其中台湾的该山名字来源于思想家王守仁
211,【G4】,第一届随蓝知识竞赛,过氧化氢,这种物质的纯液体为淡蓝色，可与水互溶，是一种强氧化剂，水溶液为无色，能用于伤口消毒，俗称双氧水。
213,【L3】,第一届随蓝知识竞赛,露华浓,这一彩妆品牌成立于纽约，于1996年进入中国，其英文Revlon被翻译为李白《清平调词》里的一个词。在“云想衣裳花想容”下句出现。
215,【B2】,第一届随蓝知识竞赛,白寿,这是对九十九岁的雅称，其首字可视为“百”字去掉一笔。
218,【S3】,第一届随蓝知识竞赛,碎叶城,这是唐代在西域设的重镇，位于现吉尔吉斯斯坦，据说是李白的祖籍，王昌龄在《从军行》中写过。
220,【Y4】,第一届随蓝知识竞赛,焰色反应/焰色测试/焰色实验,这个物理现象的原理是每种元素都有不同的光谱，常用于检测金属离子。是某些金属及离子在火焰中灼烧时使火焰呈现特征颜色的反应。
223,【F2】,第一届随蓝知识竞赛,风筝,这是一个物品，是谜语“阶下儿童仰面时，清明妆点最堪宜。游丝一断浑无力，莫向东风怨别离”的谜底。
224,【W4】,第一届随蓝知识竞赛,瓦尔登湖,这是一个美国的湖泊，文学家梭罗曾在此隐居过，并写下同名作品。
226,【Z3】,第一届随蓝知识竞赛,自由人,这是排球运动员的一个场上位置，该位置球员需穿不同颜色队服。通常在后排换下进攻球员。因可不受次数限制进行换人而得名。
227,【L5】,第一届随蓝知识竞赛,磷酸二酯键,这种化学基团广泛存在于核酸中，指一分子磷酸与两个羟基酯化形成的两个酯键。
228,【R3】,第一届随蓝知识竞赛,若耶溪,这条河现在叫平水江，位于浙江绍兴，相传是西施浣纱的地方，王籍曾在这写出“鸟鸣山更幽”的名句。
229,【L2】,第一届随蓝知识竞赛,里海,这个咸水湖是亚欧大陆分界线的一部分，是世界上最大的湖。
232,【X6】,第一届随蓝知识竞赛,小桥流水人家,这是一句元曲，可以用来描绘周庄。上句是“枯藤老树昏鸦”
233,【W6】,第一届随蓝知识竞赛,惟觉时之枕席,这是作者突然从梦中醒来看到的画面。作者梦见自己游了天姥山。
234,【J4】,第一届随蓝知识竞赛,几何概型,在这一模型下，随机实验的所有可能结果是无限的，且每个基本结果的概率相同。不同于古典概型。
236,【X7】,第一届随蓝知识竞赛,闲看儿童捉柳花,这是作者在一个初夏睡完午觉后无聊看到的情景，小孩子们在抓柳絮。
239,【Y2】,第二届随蓝知识竞赛,越位,这个词指足球比赛中进攻球员在出球时那一刻，在进攻半场，其他进攻方球员所在的位置点比倒数第二个防守球员更靠近对方底线的违例行为。
243,【J3】,第二届随蓝知识竞赛,蒋介石,这个人曾对中国产生重大影响，也曾执掌政权，与某个事变相关，儿子叫经国。
244,【S3】,第二届随蓝知识竞赛,苏幕遮,该词牌本意为“西戎胡语”，双调62字，“酒入愁肠，化作相思泪”出自该词牌。
246,【C2】,第二届随蓝知识竞赛,重庆,这是一座城市，是谜语“双喜临门”的谜底，是直辖市。
249,【M5】,第二届随蓝知识竞赛,秒速五厘米,这是一部日本电影，叙事主线是一个少年的人生成长，时间跨度达到了13年，分为三幕。电影导演和编剧均为新海诚；片名与一种植物的落花速度有关。
250,【L3】,第二届随蓝知识竞赛,拉瓦锡,这位法国科学家大学学的是法律专业，但他热爱化学，并成功证明了氧气约占空气组分的1/5。
254,【S4】,第二届随蓝知识竞赛,三线合一,这一定理可表述为等腰三角形中顶角的角平分线，底边的中线，底边的高线，三条线互相重合。
256,【G3】,第二届随蓝知识竞赛,国别体,这是史书的一种形式，即以国家为单位记叙历史事件。如《战国策》属于这一类。
259,【M3】,第二届随蓝知识竞赛,马拉松,这是古希腊的一个地名，雅典人在此击败波斯人后，派了一名士兵回到雅典报喜，但不幸跑到终点时猝死。为了纪念这个事件，有一项长跑运动也以此命名，距离为42.195km。
263,【S3】,第二届随蓝知识竞赛,宋丹丹,这位演员曾十多次登上春晚，与赵本山是老搭档。主演过《家有儿女》等经典电视剧。
265,【G4】,第二届随蓝知识竞赛,工藤新一,这个日本动漫人物是一名侦探，因被灌下毒药身体变小，后来化名为柯南。
266,【X2】,第二届随蓝知识竞赛,虚像,这个词指的是只能从光学器件观察的，不能在光屏上形成的像。
268,【W5】,第二届随蓝知识竞赛,无水硫酸铜,这是一种白色粉末，可以用来检验水蒸气。它的水溶液为蓝色，遇水产生的结晶又称胆矾。
269,【S2】,第二届随蓝知识竞赛,随蓝,这个词含有一种植物的名字，该植物可提取染料。词语意思是从师学习。
272,【Z3】,第二届随蓝知识竞赛,张韶涵,这位台湾女歌手曾有一首歌被作为高考作文题，《欧若拉》《隐形的翅膀》都是她的代表作。
274,【X3】,第二届随蓝知识竞赛,系动词,在英语里，这指的是本身有词义，但不能单独用作谓语，其后必须跟表语构成系表结构的动词。
275,【F3】,第二届随蓝知识竞赛,费德勒,这位瑞士运动员生有两对双胞胎，是至今男子网球的最佳运动员。
281,【G5】,第二届随蓝知识竞赛,格列佛游记,这是一部讽刺小说，讲述了主人公游历大人国、飞岛国等多个国家的故事，作者是斯威夫特。
282,【C7】,第二届随蓝知识竞赛,垂死病中惊坐起,这是元稹听说白居易被贬的反应。生病在床的他被吓了起来。
283,【W6】,第二届随蓝知识竞赛,威尼斯电影节,这是世界三大电影节之一，最高奖项是金狮奖，每年8月至9月于意大利的水城举办。
285,【H4】,第二届随蓝知识竞赛,虎门销烟,这一历史事件发生于广东，主持者曾写过“苟利国家生死以”的名句，这一事件也成为了第一次鸦片战争的标志。
287,【W3】,第二届随蓝知识竞赛,王叔远,这位艺术家、雕刻家是明代人，最著名的作品是明朝桃核舟。
288,【S4】,第二届随蓝知识竞赛,十万伏特,这个词的字面意思是很强的电力，是《精灵宝可梦》中一个电气系技能，动画中皮卡丘常用。
290,【T4】,第二届随蓝知识竞赛,托里拆利,这位科学家通过实验证明了大气压跟760mm高的汞柱产生的压强相等。
291,【S2】,第二届随蓝知识竞赛,蜀相,这首七律写的是一个历史人物，是杜甫在西南所写，他称赞诸葛亮“两朝开济老臣心”。
296,【Z5】,第二届随蓝知识竞赛,中央处理器,这是一块超大规模的集成电路，是一台计算机的运算和控制核心。缩写为CPU。
297,【X3】,第二届随蓝知识竞赛,血小板,这是从骨髓成熟的巨核细胞胞浆解脱落下来的小块胞质，是一种血细胞，有止血、凝血功能。
298,【D3】,第二届随蓝知识竞赛,邓世昌,这位民族英雄曾任海军将领，是北洋舰队“致远号”舰长，在黄海海战中牺牲。
301,【D5】,第二届随蓝知识竞赛,地中海气候,雨热不同期是这一气候类型的特点。
305,【F4】,第二届随蓝知识竞赛,浮生六记,这部散文集的题目出自李白的《春夜宴从弟桃李园序》，共6卷，作者是沈复。《童趣》便出自其中的《闲情记趣》。
309,【Z6】,第二届随蓝知识竞赛,质量守恒定律,这一定律可表述为在化学反应中，参加反应的各物质的质量总和等于反应后生成各物质的质量总和。
311,【J4】,第二届随蓝知识竞赛,就近原则,这个词指谓语和靠近的名词或代词在人称和数量上一致的原则。如there be句型遵循这个原则。
313,【M5】,第二届随蓝知识竞赛,魔卡少女樱,这部动漫作品由女性团队CLAMP创作，主人公为魔法少女。中国大陆引进时译为《百变小樱魔术卡》。
315,【K3】,第二届随蓝知识竞赛,喀斯特,这是一片位于克罗地亚的山区，也有一种地貌因该山区得名，该地貌成因为石灰岩等酸性环境可溶岩石岩溶所致，典型地貌如溶洞峰林等。
316,【L3】,第二届随蓝知识竞赛,立体派,这是西方现代艺术史上的一个运动和流派。1908年始于法国，又叫立方主义，代表人物有毕加索。
317,【B5】,第二届随蓝知识竞赛,白花蛇舌草,这是一种茜草科耳草属的植物，别名羊须草，为一年生草本植物，产于华东华南与西南。一种被认为很难喝的饮料名称中含有这种植物名。
319,【L3】,第二届随蓝知识竞赛,老干妈,这是一个食品品牌，主要生产辣椒油，创始人是陶华碧。
321,【Y3】,第二届随蓝知识竞赛,玉楼春,该词牌名字出自《长恨歌》，宋代定格为七言八句。“红杏枝头春意闹”出自此词牌。“金屋妆成娇侍夜”的下句即为出处。
328,【S3】,第二届随蓝知识竞赛,甩葱歌,这首歌改编自一首芬兰舞曲，民间主要版本为初音未来翻唱。该歌曲因被配上某动画人物拿着葱转动的画面而得名。
329,【C4】,第二届随蓝知识竞赛,昌黎先生,这是对韩愈的称呼，因其郡望而得名。
331,【Y4】,第二届随蓝知识竞赛,一国两制,这是中国政府为实现国家和平统一而提出的基本国策，是处理台湾问题的方针。
333,【L3】,第三届随蓝知识竞赛,拉尼娜,这是一种气候现象，西班牙语意为“小女孩”。突出表现为赤道中东太平洋海表温度异常偏冷，又被称作“反厄尔尼诺现象”。
337,【L2】,第三届随蓝知识竞赛,绿绮,这是个乐器的名字，是我国古代四大名琴之一，是司马相如的一张琴。
338,【X3】,第三届随蓝知识竞赛,香奈儿,这是一个奢侈品品牌，产品有服装、化妆品、香水等，创立者是法国人，她的名字叫Coco，其姓氏与该品牌同名。
341,【L2】,第三届随蓝知识竞赛,嫘祖/累祖,这是一位上古传说中的人物，是黄帝的妃子，后来被尊为蚕神。
343,【F2】,第三届随蓝知识竞赛,凤凰,这是一座古城，山水环抱，位于古龙标之地。也是近现代著名作家沈从文出生地，《边城》即取材于此。
344,【J3】,第三届随蓝知识竞赛,记事本,这是Windows系统自带的一个应用程序，可对文字信息进行记录或存储。其存储文件的扩展名为.txt。
345,【T3】,第三届随蓝知识竞赛,天狼星,这是一颗位于冬季星空的恒星，古人认为它是外族入侵的象征，经常用矢射它，同时它是除太阳外最亮的恒星。
346,【H6】,第三届随蓝知识竞赛,汉谟拉比法典,这部法律汇编用楔形文字写成，是世界上最早的较为完整地保存下来的成文法典。
352,【H3】,第三届随蓝知识竞赛,灰原哀,这位科学家发明了一种可诱导细胞凋亡的药物，是《名侦探柯南》里的主要人物，即随蓝杯主办者的头像。
353,【Z2】,第三届随蓝知识竞赛,阻尼,这个词指系统在振动中，由于外界作用或系统本身固有的原因引起的振动幅度逐渐下降的特性，汉听1中上海队邢铭劼曾写错过。
354,【W4】,第三届随蓝知识竞赛,吴中四士,这是一个文人组合，活跃于初唐和盛唐之交，四人均为江浙一带人。成员有包融、张旭、张若虚、贺知章。
355,【Y3】,第三届随蓝知识竞赛,盐碱土,这是土壤地理学里一种土纲的名字，它广泛分布在沿海地带与地下水位较高、蒸发量较大的干旱地带，可以分为两种类型。名字与汉听圈两个广泛流传的梗有关。
356,【D7】,第三届随蓝知识竞赛,多情却被无情恼,这是作者听见一种声音的消失发出的感慨，他觉得自己被墙内的人所伤害。是苏轼一首《蝶恋花》的最后一句。
360,【Z2】,第三届随蓝知识竞赛,张岱,这位明代文学家擅长散文，也精通茶艺，著有《陶庵梦忆》，代表作是《湖心亭看雪》。
362,【H4】,第三届随蓝知识竞赛,何陋之有,这句话原出自《论语·子罕》，是一个反问句，后被刘禹锡在《陋室铭》中直接引用，是全文最后一句。
364,【S2】,第三届随蓝知识竞赛,商品,这个词在经济学上指的是用于交换的劳动产品。
365,【S5】,第三届随蓝知识竞赛,石头剪刀布/石头剪子布,这个游戏通常可用于产生随机结果以作决策，“0比2大，2比5大，5比0大”是对游戏规则的一个描述。
367,【Z8】,第三届随蓝知识竞赛,只吹的水尽鹅飞罢,这是一句元曲，讽刺了宦官的仗势欺人，写的是喇叭，是该曲的最后一句。
368,【S3】,第三届随蓝知识竞赛,三都赋,这篇文章陆机原本打算写，与邺城、成都和南京有关，但因左思写得很好导致洛阳纸贵而放弃了这个念头。
370,【W3】,第三届随蓝知识竞赛,万宝路,这一品牌起源于英国，并在美国独立注册，是世界上最畅销的香烟品牌之一。英文名为Marlboro。
374,【T4】,第三届随蓝知识竞赛,天龙八部,这部小说的书名出自佛经，有世间众生的意思。作者是金庸。该小说中的人物有段誉、乔峰等。
375,【P3】,第三届随蓝知识竞赛,抛物线,这一图形的离心率为定值，在合适的坐标下可看成二次函数的图像。
376,【L3】,第三届随蓝知识竞赛,泸沽湖,这是位于四川与云南交界的湖泊，又被称作左所海。湖畔居住着保留母系氏族特征的族群——摩梭人。
378,【M2】,第三届随蓝知识竞赛,卖弱,这个网络用语是一种常见的言语行为，常表现为过度谦虚或贬低自己。
380,【H5】,第三届随蓝知识竞赛,滑动变阻器,这种电路元件可以起到控制电路的作用，因其电阻可以通过移动滑片来调整。
381,【N4】,第三届随蓝知识竞赛,嫩牛五方,这种食物由百胜餐饮集团旗下的企业出品，曾被多次下架，主要由面饼包着牛肉组成，形状为五边形。是肯德基的经典产品。
385,【N4】,第三届随蓝知识竞赛,南十字座,这是一个中国大部分地区看不到的星座。至少有5个国家的国旗上有这个星座。它有两颗一等亮星，却是88个星座中面积最小的。
388,【C3】,第三届随蓝知识竞赛,敕勒歌,这首民歌描绘了草原的美景，是由鲜卑语翻译而来。“风吹草低见牛羊”是它的最后一句。
389,【B3】,第三届随蓝知识竞赛,博尔特,这位牙买加运动员是当今田径男子100米、200米的世界纪录保持者。
394,【Q4】,第三届随蓝知识竞赛,情态动词,在英语中，这类的词不能单独作谓语，需放在行为动词前，表示说话人的情绪和语气。
395,【S2】,第三届随蓝知识竞赛,实数,这个词可定义为与数轴上的点一一对应的数。是有理数和无理数的统称。
396,【H5】,第三届随蓝知识竞赛,寒梅著花未,这是一个问句。作者离开家乡后遇到了故乡来的人，询问家乡的花儿是否开放。上句是“来日绮窗前”。
397,【T3】,第三届随蓝知识竞赛,凸透镜,这种光学仪器中间厚、边缘薄，是具有聚光和放大作用的透镜。
404,【B3】,第三届随蓝知识竞赛,不定式,这是英语中的一种动词形式，通常表示目的，因动词不被限定而得名，形式通常为to + 动词原型。
407,【T2】,第三届随蓝知识竞赛,图灵,这是一位数学家，死因是氰化物中毒。他也是一位优秀的密码学家，被称为计算机科学之父、人工智能之父。
408,【D4】,第三届随蓝知识竞赛,大化改新,这一历史事件发生于公元645年，日本孝德天皇学习中国唐朝的律令制度等进行改革。
415,【N3】,第三届随蓝知识竞赛,内燃机,这种机械是指是通过使燃料在机器内部燃烧，并将其放出的热能直接转换为动力的热力发动机。如汽油机、柴油机等都属于这一类。
416,【J5】,第三届随蓝知识竞赛,京杭大运河,“至今千里赖通波”说的就是这条人工河，它由隋炀帝主持建造。
420,【A4】,第三届随蓝知识竞赛,阿拉斯加,这是美国领土最西端所属的州，美国于1867年向俄罗斯购得此州。
422,【H3】,第三届随蓝知识竞赛,回收站,这是Windows操作系统中的一个文件夹，主要用来存放用户临时删除的文档资料。用户可在此目录下对文件进行恢复或彻底删除。
423,【N3】,第三届随蓝知识竞赛,南乡子,这是一个词牌名，正体中有两个二字句。共56字。“不尽长江滚滚流”出自该词牌。
426,【B5】,第三届随蓝知识竞赛,巴黎圣母院,这座建筑内藏有大量13至17世纪的艺术珍品，该哥特式建筑的法语原名为“我们的女士”，指的是圣母玛利亚。雨果著有同名小说。
431,【H3】,第三届随蓝知识竞赛,海陆风,这是一种大气现象，它在白天与夜间有相反的表现，季风可以视为它的扩大版。在沿海地区较为明显。
432,【Q4】,第三届随蓝知识竞赛,窃符救赵,这是一个战国时期的典故，秦国围困邯郸后，魏国信陵君听取侯嬴之计，偷取兵符出兵救援了赵国。
433,【S3】,第三届随蓝知识竞赛,十世镜,这是一首古风歌曲，是手游“倩女幽魂”某活动的同名主题曲，由知名古风歌手银临倾情献唱，发表于2014年，起首句是“前生，颓圮如流火”
439,【C2】,第三届随蓝知识竞赛,处暑,这是一个节气，“鹰祭鸟”“天地始肃”为这一节气的物候。该节气名意思是炎热即将过去。
443,【L3】,第三届随蓝知识竞赛,老人星,这是一颗属于前南船座的恒星，李白曾专门去衡山观看，杜甫则甘愿变成它，范仲淹甚至专门为它写赋。作为夜空第二亮恒星，它常常和第一亮恒星同时上中天。也称寿星。
444,【Q2】,第三届随蓝知识竞赛,醛基,这是一个基团，是有机物中常见的官能团，含有这一基团的物质容易被氧化，葡萄糖中含有该官能团，因此可以发生银镜反应。
445,【B3】,第三届随蓝知识竞赛,比热容,这个物理量指的是单位质量物质温度升高1K所需的热量。
448,【F2】,第三届随蓝知识竞赛,辅音,这个词指气流在口腔或咽头受到阻碍而形成的音，它与元音配合形成音节。
450,【W2】,第三届随蓝知识竞赛,望舒,这是月亮的一个别称，是月御的名字，《雨巷》的作者便以此为名。
451,【L2】,第三届随蓝知识竞赛,李娜,这是一位已经退役的中国运动员，她曾两度获得网球赛事的大满贯冠军。
452,【L3】,第三届随蓝知识竞赛,兰陵王,这是一个词牌名，为唐代教坊曲，词牌名的来源与一位美男子有关，即北齐的高长恭。
453,【Y3】,第三届随蓝知识竞赛,忆秦娥,该词牌由李白首制，正体双调46字，毛主席的“而今迈步从头越”出自此词牌。词牌名来源于李白的“秦娥梦断秦楼月”。
455,【J4】,第三届随蓝知识竞赛,减数分裂,这是生殖细胞产生所需经历的过程，是染色体数目减半的分裂方式。
457,【R3】,第三届随蓝知识竞赛,乳浊液,这个词指一种液体以小液滴的形式分散在另一种液体体系中形成的混合物。它并非均一、稳定。牛奶属于这类体系。
459,【B4】,第三届随蓝知识竞赛,不列颠岛,这是一个位于欧洲西部外海的岛屿，是欧洲最大的岛屿，包括英格兰、苏格兰、威尔士三部分。
461,【F5】,第三届随蓝知识竞赛,凡尔赛和约/凡尔赛条约,这份文件签订于巴黎，主要目的是削弱德国的势力，是一战结束的标志。
462,【X2】,第三届随蓝知识竞赛,西瓜,这是一种中药，呈寒性，可以治发热，其汁水被誉为天然的白虎汤，别名为寒瓜，夏天极其常见，熟透后多为绿皮红瓤。
463,【K5】,第三届随蓝知识竞赛,开膛手杰克,这个人活跃于十九世纪八十年代晚期英国伦敦，关于他的真实身份是个千古悬案，是1888年白教堂地区连续凶杀案的犯罪嫌疑人，英文称他为“Jack the Ripper”
464,【Q7】,第三届随蓝知识竞赛,千树万树梨花开,这句名句写的是农历八月的雪，以一种花做比喻。上句是“忽如一夜春风来”。
466,【J2】,第三届随蓝知识竞赛,锦鲤,这是观赏鱼类的一种，有“水中活宝石”之称。据说转发可以获得好运。
467,【L3】,第三届随蓝知识竞赛,林清玄,这位台湾散文家的《和时间赛跑》《桃花心木》等文章都入选了小学课本，《林泉》《清欢》《玄想》是他的代表作。
471,【W2】,第三届随蓝知识竞赛,尾生,这位男子的典故在李白《长干行》中出现过，他曾等待一位女子直至抱柱被水淹死。
472,【S2】,第三届随蓝知识竞赛,扫雷,这一单机游戏发行于1992年，游戏目标是根据点击格子出现的数字找出所有非雷格子。
474,【L4】,第三届随蓝知识竞赛,两只老虎,这首歌改编自法国儿歌，它的曲调曾被用为民国时期的革命歌。歌曲描写了存在不同生理缺陷的猛兽共两只。
475,【J3】,第三届随蓝知识竞赛,茎叶图,这种数据统计的方法能够很好地保留原始数据。通常将数据的前一位或几位数作为主干，将末位作为分支。
479,【D2】,第三届随蓝知识竞赛,刁斗,这是一种青铜器具的别称，白天可用于烧饭，夜晚用于打更，也叫“金柝”。李颀《古从军行》“公主琵琶幽怨多”上句提到过。
480,【H2】,第三届随蓝知识竞赛,海星,这是一种水生动物，体扁平，多为五辐射对称，属于棘皮动物门。
481,【Q2】,第三届随蓝知识竞赛,抢七,这是网球比赛中，当局分战至6比6时，决定这一盘胜负的方法。
483,【Z4】,第三届随蓝知识竞赛,置换反应,这个词指一种化合物和一种单质反应生成另一种单质和另一种化合物的过程。
486,【J3】,第三届随蓝知识竞赛,晶体管,这种电子元件常见结构为具有单向导电性的PN结组成。后来取代了电子管，推动了计算机的小型化，包括二极管、三极管、场效应管等。
488,【J6】,第三届随蓝知识竞赛,记念刘和珍君,这篇文章收录在鲁迅《华盖集续编》中，写于三一八惨案后，哀悼并歌颂了为中国而死的青年学生。
489,【F4】,第三届随蓝知识竞赛,菲尔普斯,这位美国运动员是至今获得最多奥运金牌的运动员，是一名游泳运动员。
490,【M3】,第三届随蓝知识竞赛,蒙太奇,这个电影手法是个音译词，是一种有意涵的时空人为地拼贴剪辑手法，法语叫montage。
492,【Y3】,第三届随蓝知识竞赛,盐铁论,这部著作就自由贸易和国家垄断两种经济形式进行了讨论，也是一次著名的会议记录。作者为西汉的桓宽。
494,【B5】,第三届随蓝知识竞赛,宾语补足语,在英语中，这是一个句子成分。它常用来补充说明及物动词所接的宾语的意义，简称宾补。
496,【S3】,第三届随蓝知识竞赛,生物圈,这个词包含的范围是一个生态系统，是地球上所有的生物与其环境的总和。
498,【B4】,第三届随蓝知识竞赛,巴黎公社,这是历史上的一个短暂的政府，出现于1871年，被认为是无产阶级的一次尝试。《国际歌》便与发生在法国的该尝试有关。
499,【C4】,第三届随蓝知识竞赛,垂径定理,这一数学名词可表述为：垂直于弦的直径平分弦且平分这条弦所对的两条弧。
500,【Y7】,第三届随蓝知识竞赛,云中谁寄锦书来,这个问句是作者等待书信时的感慨，作者此时已脱下衣裳泛舟。作者是李清照。下句是“雁字回时”。
502,【X2】,第三届随蓝知识竞赛,小暑,这是一个节气，此时太阳到达黄经105度，指夏天时天气刚刚开始炎热，但还没达到最热。是大暑的前一个节气。
508,【Y2】,第三届随蓝知识竞赛,翼轸,这是两个星宿的合称，均属南方朱雀，是古代荆州的分野，滕王阁序中有提到过这两个星宿名。
511,【L2】,第三届随蓝知识竞赛,阆中,这是中国四大古城之一，位于中国西南部的四川省南充市，其中古建筑多以品字形、多字形排列。
514,【X5】,第三届随蓝知识竞赛,玄武门之变,这是发生在太极宫北宫门附近的一次政变，在这一事件后李世民获得了皇位。
515,【L3】,第三届随蓝知识竞赛,老友记,这是一部电视情景喜剧，共10季，于1994至2004年在美国全国广播公司播映，故事描述了生活在美国曼哈顿的六位老朋友的故事。该剧英文名为Friends。
520,【M2】,第四届随蓝知识竞赛,缅甸,这是中国的邻国之一，部分领土曾经被汉族人建立的王朝管理过，抗日战争中国民党军的重要生命线穿过该国，前首都仰光。
526,【T4】,第四届随蓝知识竞赛,投怀玉燕,这是一个典故，唐朝宰相张说的母亲曾梦见一只玉燕自东南飞来，后来她怀孕生下张说。
529,【T3】,第四届随蓝知识竞赛,獭祭鱼,这是雨水节气的物候之一，也是李商隐的一个绰号，意思是小水獭把捕好的鱼排摆整齐，像在祭祀一样。
531,【J2】,第四届随蓝知识竞赛,酒窝,这个词最早与古代发酵时所作的圆坑有关，现在通常指人脸颊上的一个部位，有些人笑起来会出现。林俊杰和蔡卓妍有一首与之相关的歌。
533,【X6】,第四届随蓝知识竞赛,溪头卧剥莲蓬,这是一首词的最后一句，这首词共描写了5个人，而这句写的是最小的一个。他是家里最小的孩子，正趴在水边剥着莲蓬。
535,【R2】,第四届随蓝知识竞赛,瑞士,这是一个发达国家，位于欧洲，国旗上有十字，人口和海南省近似，是永久中立国。该国以精密制造业闻名世界。
536,【L2】,第四届随蓝知识竞赛,蒌蒿,这种植物常长在水中或潮湿处，属于菊科，叶3-5裂，有香气，其大规模发芽时间和河豚上市时间相仿，又叫水蒿。
537,【Z2】,第四届随蓝知识竞赛,祯休,这个词语出自《旧唐书·音乐志三》，它的意思是吉祥美善，这个词也是汉听圈某个比赛的名字。
538,【S4】,第四届随蓝知识竞赛,受力分析,这是一种物理学常用方法，第一步为选取研究对象，在使用这种方法时还可以运用假设法，有时会使用三角函数等数学技巧辅助，大多数情况下需要使用平行四边形定则。
539,【R3】,第四届随蓝知识竞赛,染色体,这是细胞核内的一类物质，由蛋白质和DNA构成，人类有23对，46条。
543,【B4】,第四届随蓝知识竞赛,巴勒斯坦,这个国家的人以信仰伊斯兰教为主，常和由于协议而分治的邻国产生冲突，目前还有疆界未划定。目前仍有56个国家未承认该国主权。
544,【T2】,第四届随蓝知识竞赛,贴吧,这是全球最大的中文社区之一。具有论坛、个人空间、相册等功能，由百度公司在2003年推出。
546,【S3】,第四届随蓝知识竞赛,思想者,这件作品存放于巴黎博物馆，塑造了一个强有力的劳动男子沉浸在极度痛苦中的姿态。是法国艺术家罗丹的雕塑。作品中的男子在全神贯注地思考。
548,【M2】,第四届随蓝知识竞赛,马勃,这是一种真菌，未成熟时形状像馒头，可食，孢子喷出后有催泪效果，并可止血。常和牛溲并举形容低贱却有用的东西。
549,【H4】,第四届随蓝知识竞赛,呼吸作用,这是生物体细胞把有机物氧化分解并产生能量的化学过程，可分为有氧和无氧两种。
550,【M3】,第四届随蓝知识竞赛,摸鱼儿/迈陂塘,这是一个词牌名，以晁补之的作品为正体，双调116字。别名山鬼谣，该别名因元好问的“山鬼暗啼风雨”而来，此词写的大雁。
552,【M7】,第四届随蓝知识竞赛,名词性物主代词,在英语中，这一类的词后面不需要加上已知名词，它是在物体已经指出的情况下用来代替已知物体的物主代词，如mine属于这一类。
559,【K4】,第四届随蓝知识竞赛,卡文迪许,这是一位科学家，在英国有以他名字命名的实验室。他提出过电势的概念，他还通过扭秤实验测定了地球质量。
561,【L4】,第四届随蓝知识竞赛,历史记录,这个词指浏览器曾经浏览过的网站在计算机中的暂存信息，可用ctrl+H打开。
562,【K2】,第四届随蓝知识竞赛,坑爹,这是一个网络用语，来自方言，因为游戏和动漫广为人知，常用于表达上当吃亏后的嘲讽和不满，词中含有指代父亲的字，但一般指代说话者本人。
563,【Q4】,第四届随蓝知识竞赛,秋水仙素,这是一种剧毒物质，萱草属植物新鲜的花蕾中含量较高，在生物学中常用于诱导染色体加倍和使细胞分裂停留在中期。
567,【S4】,第四届随蓝知识竞赛,松花江上,这首歌创作于1935年，被誉为《流亡三部曲》之一，歌曲唱出了九一八事变后东北民众以至中国人民的悲愤情怀。歌名中提到了一条河流。
568,【Q5】,第四届随蓝知识竞赛,秋后的蚂蚱,这句俗语的本义是指天气转凉后蝗虫完成了繁殖的使命，寿命已所剩无几，比喻即将过时或嚣张气焰即将受到打击。
572,【M2】,第四届随蓝知识竞赛,木槿,这是一种锦葵科植物，叶羽状，花期6-7月，花也叫舜华，大而粉红，但一朵花开放的时间不到一天，白居易称其为“一日自荣”。古人常种植此植物作为藩篱。
573,【W4】,第四届随蓝知识竞赛,五胡乱华,这个词指西晋时期塞外众多游牧民族趁西晋八王之乱，国力衰弱之际，陆续建立数个非汉族政权，形成与南方汉人政权对峙的时期。这些政权以五个胡人大部落为代表。
575,【Q2】,第四届随蓝知识竞赛,全选,这是一个计算机名词，快捷键为ctrl+A，可以将界面上的所有对象全部选中。
579,【J3】,第四届随蓝知识竞赛,假分数,这是一类大于或等于一的有理数的一种形式，其特点是分子大于或等于分母，与“真分数”相对。
581,【E4】,第四届随蓝知识竞赛,二氧化碳,这是一种常见的氧化物，可由一种固体燃烧得到，可溶于水，且与水反应显酸性，其固体可作制冷剂。
585,【L3】,第四届随蓝知识竞赛,硫酸锌,这个物质的晶体带有7个结晶水，被称为皓矾。在实验室制备氢气的过程中，若采用锌与稀硫酸反应，则有该物质生成。
588,【J4】,第四届随蓝知识竞赛,绝对音感,这个音乐术语是指不需要基准音就能准确辨识甚至重现所听见的音符音高，代表人物是贝多芬。
591,【Z4】,第四届随蓝知识竞赛,知与谁同,这是一首词的最后一句，作者在赏花时回忆起去年的情景，并感慨着第二年是否还有一起赏花的人。出自欧阳修的一首浪淘沙。
592,【G5】,第四届随蓝知识竞赛,过去完成时,这是英语中的一个时态，表示过去某一时间或动作以前已经发生或完成的动作对过去造成了影响。
593,【S3】,第四届随蓝知识竞赛,瘦金体,这是一种起源于唐代的书法字体，其风格瘦挺爽利，正式成形是在北宋时期，后人一般认为该字体为宋徽宗独创。
597,【L3】,第四届随蓝知识竞赛,劳力士,这是一个世界著名品牌，总部设在瑞士的日内瓦，标志是个皇冠，是许多体育比赛的赞助商，提供计时服务，是著名的手表品牌，英文名为Rolex。
598,【A4】,第四届随蓝知识竞赛,阿里巴巴,这是一个波斯著名人物，他的生活原本十分艰苦，却因为一次奇遇而成为了富翁。后世的一个创业者将他的名字定为了自己的公司名。其故事出自《一千零一夜》。与四十大盗相关。
600,【A4】,第四届随蓝知识竞赛,按劳分配,这是社会主义社会个人生活资料的分配原则，即国家或集体按照劳动者提供的劳动数量和质量分配给个人生活资料。
603,【X2】,第四届随蓝知识竞赛,汛期,这个词指的是江河由于流域内季节性降水或冰雪融化，引起定时性的水位上涨时期。
608,【Y2】,第四届随蓝知识竞赛,樱花,这首歌只用了Do
609,【M3】,第四届随蓝知识竞赛,木兰花,这个词牌名最初为三七言长短句式，后演变为七言八句式，双调56字，上下片各三仄韵，是玉楼春的别名。
613,【L2】,第四届随蓝知识竞赛,绿蚁,这个词指的是新酿的酒还未滤清时酒面浮起的酒渣，在白居易的《问刘十九》中有提及。
614,【D2】,第四届随蓝知识竞赛,东君,这是中国神话中的一位神仙，“举长矢兮射天狼”便是形容他。该词条也是屈原《九歌》中一篇的标题，指的是太阳神。
617,【H3】,第四届随蓝知识竞赛,幻灯片,这是一种由文字、图片等制作出来的加上一些特效动态显示效果的可播放文件，也叫演示文稿或者ppt。
618,【Z7】,第四届随蓝知识竞赛,怎一个愁字了得,这是一首词的最后一句，是一个反问句，是作者面对秋景的感慨。作者在窗前面对黄花、梧桐和细雨，觉得这并不仅仅是“愁”能概括的。
619,【W7】,第四届随蓝知识竞赛,温带大陆性气候,这是主要分布于中纬度地区的一种气候类型，其气温年较差相对较大，通常分布于湿润气团难以到达的内陆地区。
627,【M5】,第四届随蓝知识竞赛,麦克斯韦妖,这是由一个物理学家提出的概念，他假设世界上存在一种能够探测并控制分子运动的怪物，以此否定热力学的第二定律。
628,【J2】,第四届随蓝知识竞赛,拘役,这是对犯罪者的一种处理方式，通常适用于情节较轻的罪犯，时限不超过1年，指短期剥夺人身自由，就近拘禁并强制劳动。
633,【W3】,第四届随蓝知识竞赛,吴道子,这是一位画家的姓和字，开元年间被召入宫廷，精于佛道，苏轼曾高度评价他的画工。其人物画被誉为“吴带当风”。其原名为吴道玄。
634,【S8】,第四届随蓝知识竞赛,山丹丹花开红艳艳/山丹丹开花红艳艳,此曲由《信天游》和《揽工调》改编而来，描绘了中央红军长征结束到达陕北的史实。歌曲以山水起兴，以红百合收尾，赞颂了英勇善战的红军精神。
636,【H2】,第四届随蓝知识竞赛,滑稽,这个词本义是形容说话正言若反，善于讽喻，后来指说话或动作引人发笑，百度最有名的气泡表情以此词命名。
639,【D4】,第四届随蓝知识竞赛,当且仅当,这个词的意思是指，在，并只有在某些条件成立时，结论才成立。在数学中，该词与“充分必要”同义。
640,【Y2】,第四届随蓝知识竞赛,要离,这位屠夫的父亲为职业刺客，擅长击剑的他后来因成功刺杀庆忌被列为了四大刺客之一。
641,【J3】,第四届随蓝知识竞赛,金仆姑,这是一种兵器的名字，在卢纶的一首《塞下曲》中有提及，是箭的一种。辛弃疾的“燕兵夜娖银胡觮”的下句也提到了它。
644,【D2】,第四届随蓝知识竞赛,地核,这是地球固体圈层的一部分，温度非常高，是从古登堡界面到地球中心的部分，位于地球的最内部。
646,【W4】,第四届随蓝知识竞赛,韦达定理,这是一个数学名词，它说明了一元二次方程中根和系数的关系。
647,【T4】,第四届随蓝知识竞赛,踏雪寻梅,这是一首欢快的歌，也是孟浩然冬天经常骑驴所做的事情，歌曲的首句为“雪霁天晴朗，腊梅处处香”。
649,【T2】,第四届随蓝知识竞赛,跳远,这是一个运动项目，通常由助跑、起跳、腾空、落地等动作组合而成，是一个田径项目，常沿直线助跑，以跳出的距离作为最终成绩。
652,【D4】,第四届随蓝知识竞赛,定语从句,这个词指的是英语中一个跟在名词或代词后进行修饰限定的句子，通常可用that或which等词作关系代词。
654,【P4】,第四届随蓝知识竞赛,平津战役,这场战役是在战场南北都已经开战后才开始的，战争结束后，太原、青岛等6座城市成为失败方在华北的最后据点，这场战役中，北平和平解放。
655,【Y2】,第四届随蓝知识竞赛,榆树,这是一种乔木，先结果后长叶子，果实寿命只有一个月，飘落时就像撒硬币一般。这种植物常用于形容暮年或一个人不开窍。
658,【H3】,第四届随蓝知识竞赛,红细胞,这是哺乳动物体内的一种没有细胞核的细胞，也是血液中数量最多的血细胞。运输氧气时呈鲜红色。
663,【K2】,第四届随蓝知识竞赛,空集,这是一个数学名词，它是任何集合的子集，即不含任何元素的集合。
665,【Y2】,第四届随蓝知识竞赛,雨水,这是一种可以入中药的物质，古代中医认为天然的它性轻清，味甘淡。夏日尤佳。可以去病。其主要成分是一种无机物，常温常压下为无色无味的透明液体，该词条与一个节气同名。
666,【B3】,第四届随蓝知识竞赛,拔萝卜,这是谜语“启莱”的谜底，是小蓓蕾组合曾经演唱过的一首儿歌。提到了两个人物和两只动物，描写了他们将某种植物从地上拔起的过程。
667,【C4】,第四届随蓝知识竞赛,冲动消费,这是一种购买行为，分多种类型，指顾客在外界因素促发下所进行的事先没有计划或者意识的购买行为。
672,【Y4】,第四届随蓝知识竞赛,氧化产物,这个词指在有电子转移的化学过程中，化合价上升的物质发生反应后得到的生成物。
673,【J5】,第四届随蓝知识竞赛,基本不等式/均值不等式,这个概念可表述为两个正实数的算术平均值大于或等于它们的几何平均值，是一个常用的不等式。
677,【H2】,第四届随蓝知识竞赛,合欢,这是一种豆科含羞草亚科乔木，羽状复叶，花序鸡冠形红色，六七月开花。其名称含有阖家团圆及男女行房的意思。
679,【N4】,第四届随蓝知识竞赛,南丁格尔,这个英国人出生于意大利，曾在克里米亚战争中担任医疗护理工作，被称为提灯女神。1912年，国际护士理事会将她的生日定为国际护士节。
682,【Y4】,第四届随蓝知识竞赛,永乐大典,这是一部百科全书式的文献合集，由解缙和姚广孝在朱棣的命令下于永乐年间主持编撰。
685,【B4】,第四届随蓝知识竞赛,被动语态,这个词指的是英语中动词的一种形式，可以表示主语为谓语动词的承受者，通常用be加上过去分词来表示，类似于中文的被字句。
688,【F2】,第四届随蓝知识竞赛,分词,在英语中，这是具有动词及形容词二者特征的词，常以-ing、-ed、-en等结尾，具有形容词功能，又表现动词性特点。
689,【T2】,第四届随蓝知识竞赛,天津,这是一个中国的地名，这个地方的著名美食与一种动物相关，这里也是相声的发源地之一。
691,【C3】,第四届随蓝知识竞赛,丑奴儿/采桑子,这是一个词牌名。这道题有两个答案，答出任意一个均可。该词牌为双调，仅有4字和7字句。毛主席用该词牌写过重阳，辛弃疾写过“却道天凉好个秋”。
694,【G2】,第四届随蓝知识竞赛,古筝,这是一种乐器，作为传统的弹拨乐器，其弦数也随着时代的更迭而变化，最早为25根弦，唐宋时有13根，目前常用规格为21根弦。该乐器的经典曲目有《渔舟唱晚》等。
696,【Y2】,第四届随蓝知识竞赛,蚁酸,这是一种可溶于水、可以发生银镜反应的简单有机物的俗名。是最简单的有机酸。
699,【Q3】,第四届随蓝知识竞赛,千瓦时,这是物理学上的一个单位，可以用来量度能量，通常用于电器中。表示一件功率为一千瓦的电器在使用一小时之后所消耗的能量。
703,【H3】,第四届随蓝知识竞赛,化合物,这是一类物质的统称，指的是由两种或两种以上的元素组成的纯净物。
705,【Q4】,第四届随蓝知识竞赛,强军战歌,这首歌曲创作于2013年，歌曲慷慨激昂，上行跳进，表现了新时代军队的发展方向。是新兵入营和新生军训的第一课。
707,【S3】,第四届随蓝知识竞赛,肾小管,这是人体泌尿系统的一部分，与肾小囊壁层相连，具有重吸收功能，呈管状。
708,【Q3】,第四届随蓝知识竞赛,丘吉尔,这位作家的作品以其洗练的用词和独到的见解，获得了1953年诺贝尔文学奖，其演讲被誉为“有重新锻造历史的力量”，是二战时的英国首相。
712,【S4】,第四届随蓝知识竞赛,孙子兵法,这是一部古代典籍，记述了一个著名军事家的用兵策略。这个军事家和“三令五申”有关，即孙武。
713,【Y4】,第四届随蓝知识竞赛,云销雨霁,这句古文描写的是一场宴会的天气状况，意思是云散开了，雨停了，出自《滕王阁序》。
715,【M4】,第四届随蓝知识竞赛,马来西亚,这个国家位于热带，但热带气旋很少登陆。该国有三个陆上邻国，是一个联邦国家，与中国有领土领海纠纷。首都是吉隆坡。
720,【C2】,第四届随蓝知识竞赛,重复/重做,这是计算机的一种编辑功能，在编辑或文件处理过程中，如果不小心点了撤销，可以用快捷键ctrl+Y执行该操作，返回原界面。
721,【Z2】,第四届随蓝知识竞赛,纸币,这是一种使用较为方便的，可以用于交易的物品，其材质较轻，宋代的交子便是该实体通货的雏形。
722,【Z3】,第四届随蓝知识竞赛,查良镛,这是一位作家，他虽然生于中国，却有英国和法国的文艺勋章。他一生几乎只写一种主题的作品，却已成为了该领域的巅峰。后人用十四个字概括了他的代表作：飞雪连天射白鹿，笑书神侠倚碧鸳。
723,【F2】,第四届随蓝知识竞赛,酚酞,这种物质带有多个苯环，整个分子遇到一定条件可以在平面和立体中变换，是一种泻药，也是一种常用分析试剂，使用量一般较小，常见有红色和无色两种形态，可作为指示剂。
724,【S2】,第四届随蓝知识竞赛,世界,这个词最早出自《楞严经》，可以指人类社会一切事物的总和，与古代的“天下”表达的意义相近。
725,【C2】,第四届随蓝知识竞赛,撤销,这是计算机的一种编辑功能，在编辑或文件处理过程中，如果所做操作不正确，可以用快捷键ctrl+Z执行该操作，返回上一界面。
727,【D3】,第四届随蓝知识竞赛,戴高乐,这是一个著名的作家、军事家，他少时志向从戎，在战场上曾被敌军俘虏，但他五次逃离又五次被抓回。后来，他带领着武装力量和外族侵略者作斗争，最终夺回了法国，被称为国父。
728,【A4】,第四届随蓝知识竞赛,安全电压,这个词指的是不致使人直接致死或致残的，即不高于36V的电压。
729,【Y8】,第四届随蓝知识竞赛,亚热带常绿硬叶林,这是一种植被类型，其叶片常披绒毛或退化成刺，常绿坚硬，以适应炎热干燥的地中海气候。
730,【Z2】,第四届随蓝知识竞赛,字体,这是一个计算机名词，在Word中，可通过快捷键ctrl+D来调整所选的文本的该属性，即文本的大小、样式等。
737,【J4】,第四届随蓝知识竞赛,济南二安,这是一个文人组合，所有人均来自同一座城市，共两人。因他们的字号中都含有“安”字而得名，即李清照和辛弃疾。
740,【X11】,第四届随蓝知识竞赛,先帝创业未半而中道崩殂,这句话描述的是一个国家的现状，出自一篇写给皇帝的文章，作者即将出征。是全文的第一句，下句是“今天下三分”。
742,【J2】,第四届随蓝知识竞赛,价值,在经济学中，这是商品的一个重要性质，即凝结在商品中的无差别人类劳动，它决定了商品的价格。
750,【Z2】,第四届随蓝知识竞赛,字节,这是一个计量单位，通常简写为B，可以表示计算机存储容量，通常为8位长的数据单位。1024个该单位可以用kB，即千字节表示。
751,【X3】,第四届随蓝知识竞赛,歇后语,这是一种常用的语句，通常只由一整句拆成前后两段，运用比喻、谐音等手法。是中国民间的文化创造。如“十五个吊桶打水——七上八下”。
755,【X3】,第四届随蓝知识竞赛,寻病终,这句古文写的是一个高尚者寻找一个不存在的地方的结果，导致了“后遂无问津者”的结局。
757,【W2】,第四届随蓝知识竞赛,微博,这是一种社交网络平台，通常用于分享简短的实时信息，最初设计时单帖字数被限制在140字以内。以新浪的该平台最为有名。
759,【Y2】,第四届随蓝知识竞赛,压强,这是一个物理量，可以表示一种力的作用效果，通常用字母p表示，即物体所受的压力与受力面积之比。
760,【T2】,第四届随蓝知识竞赛,通感,这个名词指的是在描述客观事物时，用形象的语言将不同的感官互相沟通、交错，是一种修辞手法，也叫“移觉”。
762,【J5】,第四届随蓝知识竞赛,急急如律令,这是汉代公文常用的结尾语词，也为道教所用，在电影《哪吒之魔童降世》的一个英文译本中被译为“fast fast biu biu”，意为情势紧急，应如同法律命令一样火速办理。
767,【T1】,随蓝知识竞赛SP1,铜,这是一种元素，该金属常见的氧化物有两种，分别为黑色和红色。无法与非氧化性酸发生置换反应，有29个质子，符号为Cu。
770,【B2】,随蓝知识竞赛SP1,半圆,这是一个数学名词，是谜语50分的谜底，是一个几何图形，即180度的圆弧。
771,【W3】,随蓝知识竞赛SP1,五十音,这个概念起源于日本江户时代，是一张表，包含了日语的基本假名。
772,【H3】,随蓝知识竞赛SP1,花信风,这个词又称为“二十四风”，因其应24种植物的花期而到来，词的本义为“带有开花音讯的风候。
775,【R2】,随蓝知识竞赛SP1,闰土,这个人被封建礼教和阶级观念束缚，从少年到中年发生了巨大转变，年轻时善于使用弶捕鸟和用钢叉刺猹。出自鲁迅的《故乡》。
776,【S2】,随蓝知识竞赛SP1,试管,这种化学仪器可在常温或加热下使用，是少量试剂的反应容器。
777,【Z3】,随蓝知识竞赛SP1,着火点,这是物质燃烧的三要素之一，它指的是可燃物燃烧所需要的最低温度。
778,【L2】,随蓝知识竞赛SP1,醪糟,这是一种酒，口味香甜醇美，乙醇含量极少，也是江南地区特色小吃，它经糯米发酵而成，也叫酒酿。
779,【S4】,随蓝知识竞赛SP1,十六字令,该词牌正体字数少于五绝，字数在词牌名中已给出。四句的字数分别为1
780,【J4】,随蓝知识竞赛SP1,极权主义,这个政治词汇含义是在追求政治在公众领域影响的同时，还要讲影响力施加于私人领域。历史上撒切尔时期的英国和斯大林时期的苏俄都曾出现过这种权力的集中。
781,【F3】,随蓝知识竞赛SP1,复读机,这种机器可以把声音信号数字化并存储下来重复播放。
786,【B7】,随蓝知识竞赛SP2,北京东路的日子,这首歌发行于2010年，是一首毕业季歌曲。由几位高中生创作，歌名中含有他们学校所在的街道。首句是“开始的开始，我们都是孩子”。
789,【H4】,随蓝知识竞赛SP2,和平宣言,这份文件共240字，4字一句。表达了对悲壮历史的追溯和对和平的呼唤。最早于2014年由77位中学生诵读，“一二一三，古城沦丧”为其中一句。
791,【Y3】,随蓝知识竞赛SP2,雨花石,这种石头有“石中皇后”的美称，产于扬子江畔。据说有位云光法师讲经说法，感动了上天，落花如雨，花雨落地为石，故得名。
792,【Q4】,随蓝知识竞赛SP2,秦淮八艳,这是几位女子的合称，她们均为南曲名伎，活跃于明末清初的秦淮河畔，共8人。
794,【Y6】,随蓝知识竞赛SP2,英特纳雄耐尔,这是一个音译词，最早在一首法文歌曲中出现并被赋予新义，之后此歌曲成为了一个国家的国歌，传入中国后这个词被瞿秋白翻译，原意是“国际”。
795,【X4】,随蓝知识竞赛SP2,新陈代谢,这个词指机体与机体内环境之间的物质和能量交换以及生物体内物质和能量的自我更新过程。
799,【D3】,随蓝知识竞赛SP2,对顶角,这个词指的是两条直线相交所形成的四个角中任意互不相邻的两个角的位置关系。
800,【T4】,随蓝知识竞赛SP2,天津之眼,这是世界上第一个桥上瞰景摩天轮，位于天津的永乐桥上。
811,【G9】,随蓝知识竞赛SP2,狗彘食人食而不知检,这句古文出自《孟子·梁惠王上》，意思是犬和豚吃我们吃的东西却不去设法制止。下一句是“途有饿殍而不知发”。
816,【X4】,随蓝知识竞赛SP2,虚拟语气,这个词表示的是说话者做出的假设而非事实，或表示难以实现甚至与事实相反的情况。是英语中常见的一类语气。
817,【Z3】,随蓝知识竞赛SP2,中和热,这个词指在稀溶液中酸和碱反应生成1mol水的反应热。
818,【S3】,随蓝知识竞赛SP2,食物网,这个词可以反映生态系统中生物成分之间通过能量传递关系形成的错综复杂的普遍联系，即食物链之间相互交错相连构成的复杂网状关系。
819,【J2】,随蓝知识竞赛SP2,角球,这个词是曲棍球、足球在死球后重新开球的一种方法，其中在曲棍球中还分长短两种，在足球比赛中运用于防守球员最后触球使球整体越过己方球门线且未进球的情况。
827,【D2】,随蓝知识竞赛SP2,递归,在计算机科学中，它指函数自己调用自己的编程技巧。“从前有座山，山上有座庙，庙里有个老和尚讲故事：从前有座山……”是它的一个形象表述。
830,【J3】,随蓝知识竞赛SP2,贾迎春,这是红楼梦中的一位女子，是宝玉的堂姐。她性格懦弱，人称“二木头”，后嫁到孙家遭虐致死。
831,【M2】,随蓝知识竞赛SP2,莫奈,这位艺术家擅长光与影的色彩描绘，是法国印象派的主要画家。《日出·印象》是他的代表作。
832,【N3】,随蓝知识竞赛SP2,宁馨儿,这个词是古时的一个俗语，原意为中性代词，之后逐渐变成了一个褒义词，借指好孩子。在第一届《中国汉字听写大会》上，有一位选手写错了此词后反而获得了这个美称。即张诺娅。
833,【Q4】,随蓝知识竞赛SP2,旗亭画壁,这是一个唐代文人的典故，与王昌龄、高适、王之涣三人有关。他们在一酒楼里听歌女唱歌，比谁的作品编入乐曲更多。
835,【D3】,随蓝知识竞赛SP2,电离层,这是地球大气层垂直结构里的一层，位于海拔高度85km以上，极光在这一层内发生。因其内部分大气组分被高能射线发生解离而得名。
836,【A4】,随蓝知识竞赛SP2,阿斯巴甜,这是一种在制药过程中被发现的化学物质，其结构中含有一个苯环，是由两种酸结合而成，带有强烈的甜味。其潜在危害尚不明确。
838,【C3】,随蓝知识竞赛SP2,察举制,这是一种选拔官吏的制度，是科举制的前身，汉代的“举孝廉”便是该制度的一个察举科目。
840,【C2】,随蓝知识竞赛SP2,蔡邕,这是一位著名文学家，书法家，他也精通音律，持有一把名琴。官至中郎的他生有一才女，写下了《胡笳十八拍》。
843,【F3】,随蓝知识竞赛SP2,方法论,这个词指的是人们用什么样的方式来观察事物和处理问题。它体现着世界观，是人们认识世界、改造世界的方法的理论。
844,【S4】,随蓝知识竞赛SP2,三言两拍/三言二拍,这是五部作品的合称，是凌濛初和冯梦龙所作的传奇小说集，包括《喻世明言》《初刻拍案惊奇》等。
846,【L4】,随蓝知识竞赛SP2,楞次定律,这个词与化学中的勒夏特列原理类似，可表述为：感应电流的磁场总要阻碍引起感应电流的磁通量的变化。是判断感应电流方向的依据。
847,【R2】,随蓝知识竞赛SP2,阮咸,这是一位魏晋名士，他精通音律，善弹琵琶，是竹林七贤之一。有以他命名的乐器。
849,【H4】,随蓝知识竞赛SP2,花样滑冰,这个体育项目是奥运会的正式比赛项目之一，该项目融合了音乐，选手需表演以技术动作为基础编排的节目并由评委打分排名，有单人、双人、冰舞等小项。
853,【W8】,随蓝知识竞赛SP2,王侯将相宁有种乎,这句话出自农民之口，这位农民后来成为了历史上第一次农民起义的领袖。这句话的意思是：当官的人天生就是当官的料吗？
854,【L3】,随蓝知识竞赛SP2,浏览器,这类软件可以显示网页服务器或文件系统的HTML文件，并让用户与这些文件交互。IE和UC便属于此类。
855,【L3/X3】,随蓝知识竞赛SP2,伶盗龙/迅猛龙,这是一种动物，体表有鳞，肉食。它在影视作品中，经常被赋予较高的智慧和行动力，并且集体行动。它的学名意为“敏捷的盗贼”，是生活于白垩纪的恐龙。
856,【J2】,随蓝知识竞赛SP2,禁手,这是一个游戏术语兼规则，是指在对局中先天有利的一方不能使用的战术或一使用即被判负的行动，一般见于五子棋或将棋等棋类游戏中。
857,【T4】,随蓝知识竞赛SP2,同城效应,这个词指区域经济发展过程中，打破传统的城市之间的行政分割，促进区域市场、产业、基础设施一体化，以提高区域整体竞争力的效应。
858,【S3】,随蓝知识竞赛SP2,三角洲,这是一种常见的地表形貌，英语为delta，即河口冲积平原，因其形状而得名。
860,【N2】,随蓝知识竞赛SP2,凝华,这种物理变化会生成固体。窗花的形成便与之有关，即气体变为固体的过程。
862,【S5】,随蓝知识竞赛SP2,双十二事变,这一事件的解决是中国由国内战争走向抗日民族战争的转折点，该事件发生于1936年12月12日，也称“西安事变”。
863,【H5】,随蓝知识竞赛SP2,混循环小数,这是一个数学名词，若一个最简分数的分母既含有质因数2或5，又有除它们外的质因数，则可以转化为此类小数，其循环节不从小数部分第一位开始。
869,【Y2】,随蓝知识竞赛SP2,硬水,这个词指含有较多可溶性钙镁化合物的水，加入肥皂水后产生不溶性沉淀，可通过煮沸等方法软化。
871,【Q8】,随蓝知识竞赛SP3,巧妇难为无米之炊,这句谚语与饭有关，但是又没有饭。比喻能力再强的人，如果缺少必要条件，也没办法做成一些事情。
872,【Q2】,随蓝知识竞赛SP3,区位,这个词指某事物占有的场所，也含有位置、布局、分布、位置关系等方面的意义。在城市、区域规划中尤其重要。
874,【F5】,随蓝知识竞赛SP3,飞鸟相与还,这是作者隐居山中所看到的景象，傍晚时分的南山上，可以看见鸟儿结伴飞回。出自陶渊明的《饮酒》。
877,【B2】,随蓝知识竞赛SP3,表语,这是一个句子成分，英语中存在以其命名的从句，在汉语中通常不用这一概念。常接在系动词之后，以说明主语的特性。
880,【Z2】,随蓝知识竞赛SP3,真菌,这是真核生物的一大类群，和动物的亲缘关系更近，其细胞体有细胞壁，且主要成分是几丁质等。多为孢子繁殖。代表物种有青霉、酵母、平菇等。
881,【D2】,随蓝知识竞赛SP3,吊环,这是一个运动项目，是国际比赛中的一个男子体操小项，除上下器械动作外，选手需离地完成所有动作，器械为两个用钢索悬挂在立架上的木质圆环。
882,【S3】,随蓝知识竞赛SP3,熟石灰,这是一种常用建筑材料，其水溶液与另一种常见物质反应先沉淀后溶解，该物质含钙元素，微溶于水，溶解度随温度升高而下降。
885,【H2】,随蓝知识竞赛SP3,和弦,这个词在音乐上指一定音程关系的一组声音，通常由三个或以上的音按照一定关系在纵向上加以结合。
888,【G5】,随蓝知识竞赛SP3,共产党宣言,这本书提到了一个在欧洲游荡的幽灵，该幽灵被欧洲各势力联合围剿。作者是恩格斯和马克思，他们在书中号召全世界无产者联合起来。
889,【J2】,随蓝知识竞赛SP3,狙击,这个词组由两个常用汉字组成，前一个字在古书中指的是一种猴子，后一个字指的是一种行为，词汇的整体意思是乘人不备，突然出击，某类枪支的中文名借用了这个词组。
890,【S2】,随蓝知识竞赛SP3,松鼠,这是一种动物，但我们平时常说的该动物只是该科动物中的一个小分支。其尾巴蓬松又毛绒绒，十分可爱。它爱上树，爱吃松果。
891,【G2】,随蓝知识竞赛SP3,功率,这个物理量在力学和电磁学中都有使用，可以衡量物体做功的快慢，常用单位是瓦。
895,【X3】,随蓝知识竞赛SP3,细胞液,这个词指的是植物细胞中液泡内的液体。
896,【X5】,随蓝知识竞赛SP3,选择疑问句,这是英语中的句式，通常是指提出两个或两个以上可能的答案，中间用逗号或or连接，供对方作出选择的问句。
899,【X7】,随蓝知识竞赛SP3,掀起你的盖头来,这是一首歌，是谜语“揭帻”的谜底，歌曲充满了维吾尔族风情，曲中第二句为“让我来看看你的眉”。
903,【H5】,随蓝知识竞赛SP3,何不食肉糜,这是一个讽刺性的语句，出自《晋书》，主人公是一位不懂得体恤民众的皇帝。法国也有一位皇族说出了相同意思的发言：人们没有面包吃的话，为什么不吃蛋糕呢？
904,【D4】,随蓝知识竞赛SP3,剁椒鱼头,这是一道菜名，它发明于清代，由一位文人始创，是湘菜中的一道蒸菜，主材料是鱼。辅料中有一种辣椒制品。
905,【H2】,随蓝知识竞赛SP3,灰色,这是一个颜色名词，不属于冷暖色系中，常给人以消极和不干净的感觉，是白色物体反光不完全形成的一系列颜色。
906,【F2】,随蓝知识竞赛SP3,附件,这是windows系统中自带的文件夹，位于“开始菜单”的“程序”栏中，记事本、写字板、画图等都在这一文件夹内。
908,【Y3】,随蓝知识竞赛SP3,原子论,这一古代唯物主义哲学观点认为物质是由微粒构成的，由古希腊哲学家德谟克利特提出，道尔顿将其引入化学，从而奠定了近代化学的基础。
909,【H3】,随蓝知识竞赛SP3,河姆渡,这个文化遗址反映了中国原始社会母系氏族的生活，约7000年前在此生活的人最早栽培了人工水稻。
910,【D6】,随蓝知识竞赛SP3,地理信息系统,这是对地球表层中的地理数据进行采集、处理、管理、分析及描述的计算机系统，英文简称为GIS。
912,【D3】,随蓝知识竞赛SP3,大林寺,这是一座寺院，位于庐山，是庐山三大名寺之一，白居易记载此处的桃花因海拔较高，四月才开放。
913,【X2】,随蓝知识竞赛SP3,悬浮,这个词指浸没在液体中的固体受到的浮力与重力相等时的状态，它可以停留在液体中的任何高度。
914,【D3】,随蓝知识竞赛SP3,斗兽棋,这个游戏是一种棋牌类游戏，它遵循一个按照生活常识得出的关系行动，但这个关系达成循环须以小克大，即用老鼠吃掉大象。
918,【J3】,随蓝知识竞赛SP3,奇函数,这个词指的是在f（x）的定义域内，对于任意一个x，都满足f（x）＝-f（-x）的函数。图像关于原点对称。
920,【Z3】,随蓝知识竞赛SP3,助动词,这是英语中用来构成时态和语态的动词，它不一定具有实际意义，作用是协助主要动词构成谓语。
921,【L2】,随蓝知识竞赛SP3,兰台,这个词最早是战国时期楚国的建筑，唐朝时这个词也代指秘书省。在李商隐的一首《无题》中有提及，即“嗟余听鼓应官去”的下句。
924,【P2】,随蓝知识竞赛SP3,旁心,这是三角形一个内角的平分线所在直线和其它两角外角平分线的交点，每个三角形有3个这样的点，是三角形的旁切圆的圆心。
927,【Y3】,随蓝知识竞赛SP3,渔歌子,这个词牌正体单调27字，也称“秋日田父词”、“渔父”，以张志和的“西塞山前白鹭飞”一首最为有名。
930,【Z4】,随蓝知识竞赛SP3,走近科学,这是一档于1998年开播的著名电视栏目，曾面临巨大争议并多次改版，但它为新中国的科学素养普及做出了巨大贡献，主持人为张腾岳。该节目于2019年9月30日停播。
931,【L4】,随蓝知识竞赛SP3,裸子植物,这类生物普遍高大，兴盛于三叠纪至白垩纪时期，如今只剩近千种。它们因其种子暴露而得名，种子有多个子叶，水杉、银杏、苏铁是其中的代表。
932,【C3】,随蓝知识竞赛SP3,长安街,这条路始建于明朝，现在是一条城市主干道，也称“十里长街”，位于北京天安门的城楼前。
940,【Z3】,随蓝知识竞赛SP3,张养浩,这是一位政治家、文学家，生活于元朝，擅写散曲。他关心民生，曾以《山坡羊》为曲牌写下了两首著名的怀古之作。
941,【S3】,随蓝知识竞赛SP3,神农架,这是一个地名，位于中国湖北，这个市是中国唯一一个以“林区”命名的行政区。该地自然资源丰富，有各种国家保护动物分布，其中有金丝猴等。相传这个地方还有野人存在。
944,【B6】,随蓝知识竞赛SP3,巴巴罗萨计划,这是二战时期纳粹德国发起侵略苏联行动的代号，原名叫奥托计划。
948,【J5】,随蓝知识竞赛SP3,角角边定理,这个定理可以表述为有两个角和其中一个角的对边对应相等的两个三角形全等。
950,【S3】,随蓝知识竞赛SP3,苏小小,这是一位女子，被历代文人传颂，李贺曾以其墓为题写下“无物结同心，烟花不堪剪”，是南朝齐的钱塘名妓。
953,【H3】,随蓝知识竞赛SP3,弧度制,这个概念常用rad表示，是一种表示角度的方式，即用弧长与半径之比表示圆心角度数。
957,【Z4】,随蓝知识竞赛SP3,直接宾语,这个词指的是英语句子中存在两个宾语时指代事物的宾语。
959,【W3】,随蓝知识竞赛SP3,无人机,这个工具的英文简称为UAV，其用途广泛，军用方面可用于侦察，民用方面可用于航拍，是利用了无线电遥控技术的不载人飞行器。
960,【S4】,随蓝知识竞赛SP3,时代精神,这个概念集中表现于社会的意识形态中，核心是改革创新，是每一个时代特有的普遍精神实质。
961,【C9】,随蓝知识竞赛SP3,从百草园到三味书屋,这篇文章写了作者小时候玩耍和学习的经历，充满趣味。收录于杂文集《朝花夕拾》中。
962,【M2】,随蓝知识竞赛SP3,茂陵,这是位于陕西咸阳的一个景区，被称为中国的金字塔，是汉代帝王陵墓中规模最大的一座，即汉武帝的陵寝。
964,【W2】,随蓝知识竞赛SP3,瓦舍/瓦肆/瓦子,这是商业和市民阶层发展的产物，是古代集市里专门进行戏曲杂艺表演的场所，内设若干勾栏，常和酒楼一起彻夜营业。
968,【A2】,随蓝知识竞赛SP3,癌症,这是一类由多基因突变引起的疾病，病变后的细胞进入细胞周期并不断增殖，形成肿瘤，或者血液中某种细胞数量大增。主要治疗方式有化疗、放疗等。
971,【S3】,随蓝知识竞赛SP3,所有格,这个词在英语中通常表示名词的从属关系，物主代词也与之相关，此外，还通常在名词或代词后加’s或者用of来表示这一概念所指的关系。
975,【A6】,随蓝知识竞赛SP3,哀吾生之须臾,这是三个人泛舟时所发出的感慨，感慨自己生命短暂，下一句是“羡长江之无穷”。
977,【X2】,随蓝知识竞赛SP3,鲜肥,这是味蕾能够感受到的两种味觉的合称，但不同于传统的酸、甜、苦、咸味觉，宋濂在寓逆旅时，所食之物缺乏这两种味道。
979,【H3】,随蓝知识竞赛SP3,含金量,这个量度原本指的是在一些饰品里所有的混合材质中，最贵重材质的占比，后来这个词也形容事物的内在价值，单位为K。
983,【X3】,随蓝知识竞赛SP3,小山词,这部词集中多写往昔的恋情和人生的虚幻，工于言情，多出之以婉曲之笔。作者继承了父亲的《珠玉词》的婉约传统。
984,【H5】,随蓝知识竞赛SP3,回旋加速器,这是一种装置，其工作原理与电场力和磁场力相关，可以使带电粒子做回旋运动，并经高频电场反复加速。
985,【X4】,随蓝知识竞赛SP3,辛丑条约,这是中国近代史的一个重要节点，自此之后，中国完全沦为半殖民地半封建社会。该条约主要内容有划定使馆界、赔款9.8亿两白银等。
986,【W4】,随蓝知识竞赛SP3,乌台诗案,这起事件发生于北宋，是苏轼被贬黄州的原因。
987,【B3】,随蓝知识竞赛SP3,八宝粥,这是一种汉族的传统美食。它起源于一个民间节日，也被佛教吸收进习俗中。现在人们通常使用铁罐装这种食物。原料通常有八种以上。
988,【T4】,随蓝5物生11联动赛,铁皮石斛,这是一种兰科植物，花黄绿色，入药有增强免疫力功效，是国家濒危物种。此植物名称是随蓝符卡之一。又称黑节草。
991,【Y3】,随蓝5物生11联动赛,嘤嘤怪,这个网络用语指的是一类人，他们在说话时经常会加上类似鸟鸣的拟声词，但也被部分网友调侃“一拳打一个”。
992,【X3】,随蓝5物生11联动赛,先农坛,北京的一个古建筑，是祭祀后稷的场所，每年开春皇帝会亲自在此处耕种一亩三分地昭告天下开始农事。
994,【S4】,随蓝5物生11联动赛,山姆大叔,这个称呼由于其英语开头字母与US相同，常用做美国的拟人，其形象通常描绘为穿星条旗裤子带黑帽的胖子。
996,【J5】,随蓝5物生11联动赛,金山打字通,这是一个教育软件，针对电脑用户的水平制定练习课程，并且辅以游戏，英文名为TypeEasy，该打字软件发行商为Kingsoft。
1002,【S5】,随蓝5物生11联动赛,苏台德地区,这个区域是捷克斯洛伐克境内的日耳曼人聚居地，二战前夕，由于英法的绥靖政策，这一地区在慕尼黑会议后被纳粹德国强行占领。
1004,【C2】,随蓝5物生11联动赛,成都,这个词出现在“中国捷克日本”的下联，所指城市位于我国西南，是公认的新一线城市，拥有国内第三条环形轨交。简称“蓉”。
1005,【L2】,随蓝5物生11联动赛,绿色,这是一种颜色，从近地轨道看地球可以看到大面积的这种颜色，这种颜色的光对植物生长作用不大。
1006,【S3】,随蓝5物生11联动赛,生态学,这是一门一级学科，是研究生命与其环境之间的相互关系的科学，研究层面涉及种群、群落、生态系统及人与环境，英文名ecology。
1008,【D3】,随蓝5物生11联动赛,大埔县,这是广东省梅州市下辖县，位于韩江中上游，内战时期属于中央苏区。李光耀祖居位于此地。
1010,【Y2】,随蓝5物生11联动赛,约翰,这个名字来源于希伯来语，意为“上帝的仁慈”，欧洲各国常用名伊万、胡安、若望等都来源于它。美国总统肯尼迪以它为名。英语John。
1012,【Q2】,随蓝5物生11联动赛,茄子,这种植物与所在科同名，一般情况下，其茎叶、花果中含有大量花青素，因此呈现不同程度的紫色。照相时一般会喊它的名称。
1014,【N2】,随蓝5物生11联动赛,女王,这是谜语“没戴安全帽”的谜底，是部分国家的名义上或实际上的最高领导人，比如英国的伊丽莎白二世。
1015,【H2】,随蓝5物生11联动赛,虎鲸,这是广义偶蹄目的一类动物，后肢退化，水栖肉食，有复杂的社会行为，以其黑白的颜色以及能够挑衅鲨鱼的能力为人所知，又叫逆戟鲸。
1017,【T4】,随蓝5物生11联动赛,同源重组,这是DNA修复或者基因和染色体变异的一种方法，需要一段插入序列和原片段相似的序列进行链打开，并形成holliday结构。
1020,【S5】,随蓝5物生11联动赛,三羧酸循环,这是所有以氧气为生的生物的核心生化反应，乙酰辅酶A通过反应生成二氧化碳，并产生还原力。该反应因第一步产物含有三个羧基得名。
1023,【M4】,随蓝5物生11联动赛,蒙古帝国,这个国家兴起于亚洲，在短时间内迅速扩张，成为横跨亚欧大陆的大帝国。广义上，元朝，帖木儿汗国乃至莫卧儿帝国等与之相关的政权都属于这个帝国。
1026,【D3】,随蓝5物生11联动赛,多巴胺,这是一种神经递质，即用来帮助细胞传送信号化学物质。这种脑内分泌物和人的情欲、感觉有关，它传递兴奋及开心的信息。也与各种上瘾行为有关。
1029,【X2】,随蓝5物生11联动赛,西康,这个地方位于中国第一阶梯，主体民族不是汉族 ，该地于1955年撤销省级建制。红军长征路过了此地。
1031,【N2】,随蓝5物生11联动赛,南宁,这座城市是谜语“丁”的谜底，简称“邕”，在民国时期曾经一度失去其省会地位，地名寓意“南疆安定”。
1032,【Z6】,随蓝5物生11联动赛,紫金山天文台,这是中国最早的现代观象台，建成于1934年，位于当时的首都南京，新中国成立后归中科院管理。
1033,【X3】,随蓝5物生11联动赛,雪绒花,这是菊科火绒草属的一种植物，生长在高山地带，花序莲座状白色。同名歌曲是电影《音乐之声》的著名配曲，英文名Edelwiess。
1039,【Y2】,随蓝5物生11联动赛,银杏,这种植物属于植物界中唯一一个单目单科单属单种的纲，茎单轴分枝，叶扇形，种子裸露。这种植物得名于它的种子，种子又叫白果。
1041,【J3】,随蓝5物生11联动赛,净慈寺,这是一座寺院，它位于雷峰塔附近，是西湖的著名景点，寺内有西湖十景中的“南屏晚钟”。杨万里曾在此送别林子方。
1043,【F4】,随蓝5物生11联动赛,非洲猪瘟,感染部分偶蹄目动物而引起的急性出血性烈性传染病，死亡率可达到接近100%，该病间接导致我国肉类价格上涨。
1046,【Z3】,随蓝5物生11联动赛,中关村,这是北京地铁4号线的一站，也是国内第一个高新技术产业开发区，以电子产业为主 被誉为“中国硅谷”。
1047,【D2】,随蓝5物生11联动赛,地铁,这是一种交通工具，需要在轨道上运行，一般不占用地面空间。是一线城市和部分二线城市公交系统的重要组成部分。
1053,【K4】,随蓝5物生11联动赛,抗美援朝,这场战争发生于上个世纪，参战双方的装备差距很大，但装备落后方获得胜利。这场战争的最大政治产物是三八线。
1054,【Z2】,随蓝5物生11联动赛,紫色,这是颜色名词，在漆器中常指偏褐色的颜色，颜料中所指的颜色曾经因为原料难得因此成为尊贵的象征。1960年之前使用的国旗中没有该颜色。
1058,【S2】,随蓝5物生11联动赛,陕西,这个省级行政区毗邻内蒙古，其最北端城市以盛产某种资源闻名。该省常以数字三加上该省简称称呼，指代它的三个地理单元，即渭南、关中和陕北。
1059,【C2】,随蓝5物生11联动赛,常熟,这个城市是谜语“很少夹生”的谜底，别名虞城，是苏州市代管的县级市，境内景区有沙家浜等，地名寓意为“连年丰收”。
1061,【X2】,随蓝5物生11联动赛,西夏,这个国家位于交通要道，使用一种小众的语言文字。该国于1227年被蒙古国所灭，其主体民族党项族也因此绝迹。
1071,【H2】,随蓝5物生11联动赛,红色,这是一种颜色，人体内可以合成这种颜色的色素。铁氰化钾固体呈现这种颜色。这种颜色出现在所有社会主义国家的国旗上。
1072,【C3】,随蓝5物生11联动赛,长生殿,这个建筑位于现在的西安，是唐代华清宫的主要建筑之一，也叫集灵台，有同名的戏剧。“夜半无人私语时”与该建筑有关。
1073,【S3】,随蓝5物生11联动赛,舒张压,这是血压的一个指标，是血液从血管流入心房时的最低压力值。高于90mmHg时为高血压，低于60mmHg为低血压。
1074,【B3】,随蓝5物生11联动赛,半人马,这个词是谜语“(亻马)”的谜底，是一个南天星座，最亮星为α星，中文名南门二，该星其实是一个三体系统。
1077,【Y2】,随蓝5物生11联动赛,越南,这个国家位于亚洲，主体为热带季风气候。该国与中国有争议领土，且发生过军事冲突。该国是社会主义国家，属于汉字文化圈。
1078,【D4】,随蓝5物生11联动赛,多肉植物,这个名称所指的植物类群是一个商业概念，泛指叶片肥厚的观赏植物，比如石莲、玉露等。
1079,【L2】,随蓝5物生11联动赛,菱角,这种食材取自一种水生植物的果实，富含淀粉，形似两个牛角，有的长角更多，古代称为“芰”。
1082,【X2】,随蓝5物生11联动赛,吸猫,这是一个流行词汇，因为很多人喜欢猫咪，并且对猫咪的观赏和亲昵行为就像抽烟一样上瘾，所以用这个词语指代这些行为。
1086,【C4】,随蓝5物生11联动赛,城濮之战,这是发生于春秋战国时期的一场战斗，败方被歼灭大半，胜方成为当时的霸主。“退避三舍”典故出自这场战斗。
1089,【J3】,随蓝5物生11联动赛,嘉年华,这是一个音译词，是指很多人聚集在一起，在特定的场所，以大型游乐设施及各种文体活动相结合进行的狂欢活动。英文carnival。
1091,【C3】,随蓝5物生11联动赛,蔡和森,这位中国近代政治家曾是党的重要领导人，出生于中国南方地区，青年时与M3同学，后因遭遇叛徒出卖而牺牲。
1092,【M2】,随蓝5物生11联动赛,免提,这个词的本意是接台式电话时按下这个键后不用拿起听筒也能听到声音，现在泛指开启扬声器。
1101,【S5】,随蓝5物生11联动赛,三磷酸腺苷,这种化学物质是转录的反应物之一，水解可以产生大量能量，是很多生命活动如肌肉收缩的能量的直接提供者，简称ATP。
1102,【D2】,随蓝5物生11联动赛,胆汁,这是消化系统中一个器官的分泌物，由肝脏分泌，主要成分为胆盐、胆色素、胆固醇、卵磷脂。呈黄绿色，有苦味。
1104,【G5】,随蓝5物生11联动赛,光化学反应,这是一种由光子激发物质形成自由基引起的反应，一旦引发很难停止，伦敦烟雾事件就是由于污染物发生了此类反应引起。
1105,【S7】,随蓝5物生11联动赛,生态系统多样性,这是生物多样性在宏观的体现，即地球上存在各种各样的如农田、雨林、湖泊等生态系统。
1109,【G2】,随蓝5物生11联动赛,高邮,这是一座古城，位于江苏，被誉为中国建筑之都，名产之一是咸鸭蛋。 
1110,【Z7】,随蓝5物生11联动赛,在乎山水之间也,这句话说的是一位饮少辄醉的作者的心意的真正所在，即自然之中。出自《醉翁亭记》。
1111,【C4】,随蓝5物生11联动赛,沉没成本,这个词语是指以前曾经发生的，但与当前决策无关的费用。在做决策时，常常因为它带来的心理因素影响正确决策的做出。
1112,【K3】,随蓝5物生11联动赛,喀尔喀,蒙古族的一支，在瓦剌与鞑靼常年战斗两败俱伤时在漠北兴起，但却因内斗衰落，败给准噶尔，最后投降俄罗斯。
1113,【H2】,随蓝5物生11联动赛,还原,这个词狭义上指物质失去某种元素的过程，广义上指物质得到电子或化合价降低的过程。
1117,【G3】,随蓝5物生11联动赛,广口瓶,这种容器主要有透明和棕色两种，开口较大，常用于存放固体试剂，不能加热。
1118,【B3】,随蓝5物生11联动赛,柏林墙,这个建筑只存在了29年，是二战后形成的世界格局的标志性产物，它将德国的首都分成了两部分。
1120,【M2】,随蓝5物生11联动赛,谜语,这个词是徐妃格谜语“迷失自我”的谜底，是一种文化游戏，一般由谜面、谜目和谜底构成。如果还不会，请从本题第一句话中找答案。
1121,【M4】,随蓝5物生11联动赛,明蜀王陵,位于四川省成都市龙泉驿区的一处墓葬群，被誉为中国古代墓葬群中最近没的地下宫殿。同时也是成都地铁4号线一站。
1122,【Z11】,随蓝5物生11联动赛,则递三世可至万世而为君,这是作者的一个假设，如果秦国能爱六国之民，就可以不用二世而亡，甚至可以代代相传。出自《阿房宫赋》。
1124,【W2】,随蓝5物生11联动赛,武曌,这个人经历了两个朝代名称和35个年号，其中有1个名称和13个年号是她自己改的。本题答案，即她的名字里的字也是她自己造的。
1130,【Q1】,晨寒随蓝友谊赛,取,古代文章中常用的一个助词，表示动作的进行。如《将进酒》、《客至》、《西江月·夜行黄沙道中》均含有该字。
1134,【Y5】,晨寒随蓝友谊赛,依依墟里烟,陶渊明名句，描写了远方依稀可见的村落中升起了袅袅炊烟的景象。王维“墟里上孤烟”即从此句脱胎而来。
1136,【S4】,晨寒随蓝友谊赛,水波不兴,苏轼《赤壁赋》中的名句，据《核舟记》载此句曾被刻在一微雕工艺品上。
1138,【F7】,晨寒随蓝友谊赛,奉旨填词柳三变,（宋）仁宗留意儒雅，而柳永好为淫冶讴歌之曲，传播四方，尝有《鹤冲天》词云：“忍把浮名，换了浅斟低唱！”及皇帝临轩放榜，特落之，曰：“且去浅斟低唱，何要浮名！”宋仁宗故意将其黜落，于是柳永便自称此句而长期地流连于坊曲之间。
1140,【Y4】,晨寒随蓝友谊赛,元宵佳节,一首长调中的四字句，点明了此词创作于正月十五日，且此词中含有台风大佬的一个梗“簇带济楚”。
1142,【L3】,晨寒随蓝友谊赛,李三瘦,这是对“千古第一才女”的雅称，因其词中有三句含“瘦”的佳句，故称。
1146,【L4】,晨寒随蓝友谊赛,栏杆拍遍,辛弃疾《水龙吟·登建康赏心亭》中的一句，梁启超先生曾说，要是想为辛弃疾塑像的话，最合适的形象就是“（把）栏杆拍遍”这一典型的愤郁的动作。
1149,【T4】,晨寒随蓝友谊赛,天上人间,此句中，词人将往昔的宫廷宴乐生活与当下的沦落境遇作比，深切抒发了亡国之君的极度悲痛。
1158,【J4】,晨寒随蓝友谊赛,静影沉璧,这句是《岳阳楼记》中“春和景明”之时登楼所见，运用暗喻手法，写月亮在湖中的倒影宛若一块玉璧。
1163,【Y5】,晨寒随蓝友谊赛,依依墟里烟,陶渊明名句，描写了远方依稀可见的村落中升起了袅袅炊烟的景象。王维“墟里上孤烟”即从此句脱胎而来。
1164,【Y3】,晨寒随蓝友谊赛,忆仙姿,词牌名，正体单调33字，通押仄声韵，因李存勖名句“如梦，如梦，残月落花烟重”而改成“如梦令”。
1172,【Q4】,晨寒随蓝友谊赛,青林翠竹,这是“山川之美”中的一种，即四季长存的园林景观。
1175,【S7】,晨寒随蓝友谊赛,数树深红出浅黄,此句描绘了明丽的秋景，描写主体是树。晏殊词“红树间疏黄”即化用此句。出自刘禹锡《秋词（其二）》。
1177,【W7】,晨寒随蓝友谊赛,未若柳絮因风起,此句为“咏絮之才”的典故出处，为谢道韫在答谢公所问“白雪纷纷何所似”时的精彩回答。
1178,【L3】,晨寒随蓝友谊赛,李三瘦,这是对“千古第一才女”的雅称，因其词中有三句含“瘦”的佳句，故称“李三瘦”。
1180,【A2】,捅苯环邀请赛,锕系,这一类物质均具有放射性，通常被加行排列于元素周期表底端，属于IIIB族元素，以第一个元素命名。
1181,【C2】,捅苯环邀请赛,苍白,这是一种白中发青的颜色，该颜色多让人联想到身体状况不佳，因此也被用于形容缺乏活力和表达力。
1183,【D3】,捅苯环邀请赛,大熊座,这个星座在中国很多地方整晚可见，在春季尤为显眼，著名的北斗七星即在该星座内。星座象征物为熊。
1184,【D4】,捅苯环邀请赛,打上花火,这首歌是《升起的烟花，从下面看？还是从侧面看》的主题曲，由米津玄师作词谱曲，歌词描绘了一个抚今追昔的场景。
1186,【G5】,捅苯环邀请赛,古籍总结词,这是一个近几年才出现的概念，是指未被收录的，从古文中提炼出的词语。流行于汉听圈。
1187,【H2】,捅苯环邀请赛,号外,这个词指定期出版的报刊，在前一期已出版下一期没出版的时间内对发生的重大事件进行迅速及时报道临时编印的报刊。
1188,【H4】,捅苯环邀请赛,火炬树桩/火焰树桩,植物大战僵尸中植物，消耗175阳光，与普通豌豆连用可以缩短僵尸死亡距离，但会解除僵尸身上的冰冻，具有一定的照明功能.
1190,【J2】,捅苯环邀请赛,嘉兴,这是一个城市，古称由拳，现今简称“禾”，它以一项美食全国闻名，位于华东地区，与共产党成立有关。
1193,【J5】,捅苯环邀请赛,碱式碳酸铜,这是一种优良的杀菌杀虫剂，绿色，是一种矿物宝石，由铜和空气中含量较高的三种成分反应而成，是铜锈的主要成分
1196,【L3】,捅苯环邀请赛,利奇马,这是造成2019年8月10日永嘉山体滑坡的元凶，造成数十人死亡，中央气象台认为该台风以超强台风级别登陆浙江温州。
1197,【L4】,捅苯环邀请赛,鹿乳奉亲,二十四孝中的一个故事，周郯子父母失明，他披着鹿皮去鹿群中挤奶，被猎人瞄准，赶忙起身解释以免。
1198,【L5】,捅苯环邀请赛,乱点鸳鸯谱,这句俗语出自《醒世恒言》，玛丽莲梦露主演的电影《不合时宜的人》也曾译作此名。俗语的意思是将男女错配为一对。
1201,【P2】,捅苯环邀请赛,毗岚,这个词最早出自佛教用语，《一切经音义》对这个词的解释为：皆是梵之楚夏耳，此译云迅猛风也。又叫随蓝。
1205,【S2】,捅苯环邀请赛,受众,这个词指信息传播的接收者，比如读者、听众、观众等，他们会根据自身的理解对信息产生相应的反映，是信息的主动接收群体。
1212,【Y3】,捅苯环邀请赛,扬子鳄,短吻鳄的一种，是最小的一种鳄鱼，习性昼伏夜出，洞穴栖息，分布于华南，是国家一级保护动物，又叫鼍。
1213,【Y6】,捅苯环邀请赛,英仙座流星雨,这是北半球三大流星雨之一，由周期133年的斯威夫特彗星引起，极大值出现在每年8月12日-13日之间，平年最大小时天顶流量80
1215,【Y7】,捅苯环邀请赛,禹门已准桃花浪,此句所属的词可用于高考为考生送考时吟诵。本句虚写，是对考生春闱中榜的期盼和鼓励，出自辛弃疾《鹧鸪天·送廓之秋试》。
1217,【Z2】,捅苯环邀请赛,张炎,这位词人的作品常常出现在宋词集的最后，是宋末四大家之一，风格严谨、清空，著有《词源》一书。
1218,【Z3】,捅苯环邀请赛,竺可桢,这位中科院院士是浙江绍兴人，是新中国的地理学、气象学和物候学的开创者，毛主席曾当面评价他：“我们两个人分工合作，就把天地都管起来了”。南京大学有他的纪念塑像。
1221,【H1】,捅苯环测试赛,桁,这是一个多音字，可以表示朝向一个方向的木头，也可以表示一种刑具。现在多用第一种意思表示横梁。
1228,【W8】,捅苯环测试赛,五星红旗迎风飘扬,这部电视剧讲述了两弹一星的艰苦曲折的研发过程，再现了两弹一星精神的传承。电视剧名称来自歌曲《歌唱祖国》的第一句。
1232,【Z3】,捅苯环测试赛,主父偃,这时汉朝时期著名文官，精通长短纵横之术，但因树敌过多被采纳他建言的“大一统”“推恩令”，加强中央集权的汉武帝族灭。
1233,【Z4】,捅苯环测试赛,治宏贞观,这是郭沫若对武则天时期国家政治的评价，说她将贞观时期的制度发扬光大。上一句是“政启开元”。
1235,【Z6】,捅苯环测试赛,紫金山天文台,这是中国最早的现代观象台，建成于1934年，位于当时的首都南京，新中国成立后归中科院管理。
1237,【Z9】,捅苯环测试赛,自然哲学的数学原理,这本书出版于1687年，书中介绍了流体力学、天体力学、万有引力和牛顿三定律，标志了经典力学的成熟。
1240,【E4】,捅苯环测试赛,二十一条,这份文件原名《中日民四条约》，是日本帝国主义妄图灭亡中国逼迫袁世凯签订的秘密条款，是五四运动口号中要打倒的对象之一。
1243,【R2】,捅苯环测试赛,溶洞,这是由某些矿石在高含水量的底层中被侵蚀形成的空穴状地貌，以喀斯特地貌最为典型。
1249,【F2】,捅苯环测试赛,肺泡,这是由单层上皮细胞构成的结构，是支气管末端膨大产生的囊状物体，是羊膜动物气体交换的基本单位。
1250,【H2】,捅苯环测试赛,洪洞,这是山西省人口第一大县，是寻根文化的发祥地，县内著名景点有大槐树、苏三监狱等。
1253,【L1】,捅苯环测试赛,孪,这个字的繁简字体相差十几笔，用于描述手足昆季，且特指同胞出生的。
1258,【K2】,叶子,库仑,这位法国科学家发现了静止点电荷之间相互作用力的规律，电荷量的单位以其名字命名。
1259,【T4】,叶子,碳碳三键/碳碳叁键,这是常见于有机化合物中的一类化学键， 也是一种官能团的名字，含有该官能团的物质可以发生加成反应，存在sp杂化的原子。乙炔中含有该官能团。
1260,【D2】,鉝貓,导管,这是一种由特化的细胞构成的结构，位于被子植物维管束中的木质部，主要用于输送水分，旁边一般有伴胞存在。
1261,【H2】,鉝貓,恒牙,这是婴幼儿时期没有的器官，是由于伴随生长带来的颌骨扩大和齿式不在适应需求而更换和新生的齿的总称。这副齿脱落后一般不再生新齿。
1262,【X7】,台风,西西伯利亚平原,这是一个地形区，大部分地区被亚寒带针叶林覆盖，是亚洲的第一大平原，位于俄罗斯境内。
1263,【T3】,叶子,屠呦呦,这位科学家毕业于北京医学院，突出贡献是发现了青蒿素。
1264,【Y3】,鉝貓,益母草,这是唇形科的一种植物，叶片长得像蒿，但味道更加刺鼻。入药可治疗月经不调、痛经等症。“中谷有蓷”“匪莪伊蔚”都说的是这种植物。
1265,【W4】,鉝貓,五角大楼,这座建筑物以外形得名，始建于1941年，是世界上最大的行政建筑，是美国国防部的办公大楼。
1266,【S2】,鉝貓,失禁,这个词的意思是对事物和人物失去控制能力，医学上常指不能自主控制大小便的情况。
1268,【R4】,台风,热力环流,这是大气运动的一种简单形式，是由于地面冷热不均而形成的空气环流。
1269,【N5】,台风,纽芬兰渔场,这是墨西哥湾暖流与拉布拉多寒流相汇而形成的渔场，位于加拿大境内。
1270,【H2】,鉝貓,貉子,这是一种犬科小型食肉动物，皮毛有经济价值，但在文化中常以贬义形象出现。这种动物常常被人误认成浣熊。
1271,【G5】,鉝貓,国际空间站,这类人造天体是由多个载人、载货舱对接而成，是在近地轨道的中长期实验室，自2001年以来，这里一直不间断有人值守。
1272,【Z2】,鉝貓,遵义,这座城市是谜语“恪守忠信”的谜底，是所在省份的第二大城市，一次关乎中国历史走向的会议在此地召开。
1273,【R7】,鉝貓,人民英雄纪念碑,这座建筑位于北京，上面有10面记录近代以来历史的浮雕。主体刻有周总理的亲笔题字。
1274,【D4】,鉝貓,氮氧化物,这类物质在自然条件下就可以产生，但因其与氧气和水反应生成酸性物质，故而被列为大气污染物，通常用NOx表示。
1275,【L3】,（欧姆）,绿头鸭,这是唐教坊曲名，也是词牌名，名字同时也是一种动物。又名鸭头绿。这种动物是常见的一种鸟类，被认为是现代家鸭的祖先之一。
1277,【Y2】,鉝貓,原神,这是一个开放世界游戏，游玩角色需要通过抽卡的方式获得，由米哈游公司于2020年上线。
1278,【Z2】,鉝貓,杂质,这些物质往往具有耐酸碱腐蚀、耐高温等特性，在分析纯的试剂中依然存在，这些物质可以通过过滤、萃取、蒸馏等方法可以去除。
1279,【S4】,鉝貓,松赞干布,这是一位少数民族政权的领导人，他于公元622年统一了各个部落，并在贞观十五年迎娶了文成公主。
1280,【H4】,鉝貓,河外星系,这个词语是对宇宙中除了银河系之外的其它有组织的天体的总称，目前已经观测到的约有10亿个。
1281,【L5】,鉝貓,铃儿响叮当,这首歌曲创作于1857年的美国，最早演唱是在感恩节，后来成为圣诞节名曲。英文名jingle bell。
1282,【X3】,鉝貓,新年好,这首歌是一首英国儿歌，另一种说法它来自《卖花姑娘》的主题曲，现在一般作为元旦祝贺使用。
1283,【F5】,鉝貓,副热带高压,这是在南北半球20-35°地区沿着纬度方向分布的高压带，内部干热少风，边缘常有水汽活跃。
1284,【R11】,鉝貓,让暴风雨来得更猛烈些吧,这首歌由羽泉作词作曲，反映了演艺界的种种乱象。歌曲名称来自高尔基散文《海燕》的最后一句。
1285,【Y5】,叶子,一般等价物,这是商品生产和商品交换发展到一定阶段的产物，是可以表现其它商品价值的商品，其作用类似于现在的货币。
1286,【X2】,鉝貓,香蒲,这种水生单子叶植物茎内部海绵状，叶细长，肉穗花序，在植物大战僵尸中，该植物以一个半猫半植物的形态出现。
1287,【K5】,叶子,科学计数法/科学记数法,这个词指将一个数表示成a与10的整数次方相乘的形式的计数方法。其中a大于或等于1且小于10。
1288,【G9】,幼容,过去将来完成进行时,这个术语表示某个过去正在进行的动作或状态持续到过去某个时间点还未完成。
1290,【H2】,鉝貓,槐树,这是一种豆科乔木，寿命可达千年，四月发芽，6-7月开花。由于其形态和名称，民间认为其招邪。但这种植物是中国寻根文化、姓氏文化、宫廷文化等的象征。
1291,【H3】,叶子,哈哈镜,这种物品也是一种游乐设施，运用的光学原理是曲面镜引起的不规则光线反射与聚焦。它能反映出事物扭曲的形状，使人发笑。
1292,【Z2】,鉝貓,智利,这个国家是谜语“晓得每天挣多少”的谜底，位于环太平洋地震带上，是世界上最狭长的国家。
1293,【G3】,鉝貓,根瘤菌,这是一类高度厌氧的细菌，通过豆血红蛋白创造低氧条件，是共生固氮的重要生物，主要共生于豆科植物的根部。
1294,【X2】,鉝貓,宪法,这是一种规定国家的根本任务和根本制度的法律，是一个国家的根本法，具有最高法律地位和法律效力。
1295,【B2】,虫子,冰棍/冰棒/棒冰,这种食物在20世纪初才被发明出来。一个孩子喝甜饮时搅拌均匀后忘在了屋外，翌日他发现昨天的饮料和搅拌棒一起在冬夜中冻住了。现在该食品得到了普及。
1296,【Y6】,鉝貓,友谊地久天长,这首歌经常出现在西方的平安夜或亚洲学校的毕业典礼上，是一首苏格兰民歌，表达了对逝去时光的追忆。苏格兰语Auld Lang Syne。
1297,【L4】,鉝貓,冷血动物,这是一个已经不再使用的生物学名词，本指体温不恒定的动物，现在指缺乏感情、对人对事冷淡的人。
1299,【Y3】,台风吧友,蝘蜓座,这是一个星座，位于南天极附近，其拉丁文原意和汉语翻译意义不同，名称读音有争议。
1303,【N3】,台风吧友,聂拉木,该县位于喜马拉雅山脉迎风坡，是中国大陆建国后录得最强暴雪记录的地点，曾录得单日196.5mm、积雪230cm的特大暴雪。
1312,【S4】,台风吧友,神舟七号,这是长征二号F型火箭执行的最后一次载人航天任务，在这次任务中，中国航天员完成了第一次太空行走。
1314,【H2】,二叶律,虎丘,这是一座曾在中生代喷发的火山，但已经很久没有活动
1319,【E10】,鉝貓,而不知太守之乐其乐也,这句话的意思是作者认为游人和他一起游玩快乐却不知道他正在自得其乐。出自欧阳修《醉翁亭记》。
1320,【D6】,鉝貓,肚子里的蛔虫,这个俗语的意思是比喻对某人想法或行为非常了解的人，俗语中含有一个身体部位和一种常见的寄生虫。
1324,【N2】,台风吧友,南通,这是京沪十三猪里面唯一不是直特的列车的始发站，下辖如皋等县，崇明岛有一部分属于该市管辖。
1334,【W3】,台风吧友,五十万,这是长征二号F/T3的高清照片价值，由于反间谍工作举报最高奖励这个数字，所以网络中也用来称呼一些疑似汉奸的人。
1335,【S4】,台风吧友,神舟二号,这是中国一艘无人飞船，其在返回降落时发生重大失误，着落场面和前苏联的联盟一号载人飞船一样惨烈。
1338,【H2】,鉝貓,红场,这是俄罗斯重要节日群众集会、大型庆典和阅兵场所。
1339,【B2】,鉝貓,白宫,这座建筑曾经被入侵者烧黑，随后被重新粉刷，这也是它的名称来源。现在是美国的总统府。
1350,【Y4】,鉝貓,佁然不动,这句古文描绘的是一群在清澈的池塘中的小鱼。在阳光下，这群小鱼一动不动。出自《小石潭记》。
1351,【Q4】,鉝貓,凄神寒骨,这句古文描绘的是一个池塘周围的景色，由于幽深的竹林和树林环抱，让人觉得身体和精神上都萧瑟冷清。出自《小石潭记》
1354,【S8】,鉝貓,斯德哥尔摩综合征,这中心理症状的名称来源于发生在瑞典的一起抢劫案。用于描述受害者对施害者产生依赖或好感，甚至为虎作伥的行为。
1355,【L5】,鉝貓,雷克雅未克,这是全世界最北的首都，同时是该国的第一大港口。英雄联盟S11总决赛在此举行。
1358,【S3】,鉝貓,石库门,这是上海在清中后期以来发展出的一种建筑形式，其形制中西结合，是传统家族制度破裂的产物。
1359,【H4】,鉝貓,皇城相府,这是位于山西省晋城市的一座5A级景区，是康熙的老师、康熙字典主编陈廷敬家族的府邸，被誉为北方第一文化巨宅。
1360,【Q4】,鉝貓,渠家大院,这座宅院位于山西省祁县，始建于清朝，是典型的晋商城堡式建筑，现遗存主要是渠源潮的宅院。
1361,【H3】,鉝貓,海草房,这是胶东半岛典型的传统民居形式，房顶陡峭，并苫盖有水藻，防雨防风。荣成县有大量遗存。
1362,【S5】,Xe,塞浦路斯岛,这个岛屿目前被多国控制，在古代曾是某国最重要的铜矿产地。这个岛屿是为数不多被印在国旗上的岛屿。
1363,【K6】,Xe,克里米亚半岛,这个半岛完全位于一个封闭性海域之内，近年来其实际控制权曾发生改变。
1364,【X2】,Xe,潟湖,这种地貌是一种临近海洋但与海洋分隔的水体，在北美东海岸大量分布。英文lagoon。
1365,【X2】,Xe,岫岩,这个县级行政区是位于东北的一个民族自治县，辖区内有一处著名的陨石坑。
1367,【S5】,Xe,索科特拉岛,这座岛屿上有许多特有珍稀动植物，2015年又一强气旋风暴登陆该岛。该岛隶属于也门，名称含义为梵文“极乐”。
1369,【C4】,Xe,冲之鸟礁,这个岛礁位于西北太平洋，某国宣称其为本国最南端领土，但由于性质特殊而不被大多数国家承认。
1370,【Y4】,Xe,乙型肝炎,这是一种常见的感染性疾病，其病原体很难从人体内完全清除，传播方式主要有母婴、性、血液。
1372,【R4】,Xe,热岛效应,城市因为大量的人工发热、建筑物和道路等高蓄热体及绿地减少等因素，造成城市中的气温明显高于外围郊区的现象。
1373,【Z4】,Xe,棕海效应,这是在某些情况下，陆地模拟了海洋充满水汽的环境，导致部分登陆后的热带气旋仍然可以获取能量的效应。
1374,【Q4】,Xe,晴空辐射,这种现象是指在晴朗的夜晚地面及其附近空气通过长波辐射而冷却降温的现象。
1375,【Y4】,Xe,眼壁置换,这种现象常发生于成熟的台风中，特征是台风出现两层眼壁，而后外眼吸收内眼成为新的眼壁。
1377,【K5】,甩尸名,科里奥利力,这是对旋转体系中进行直线运动的质点由于关心相对于旋转体系产生的直线运动的偏移的一种描述。在地球上也称为地转偏向力。
1381,【N2】,台风吧友,黏菌,这是一群类似霉菌的生物，会形成具有细胞壁的孢子，但是生活史没有菌丝体，而是有一段黏性较大的时期。
1385,【D3】,Xe,东风波,这种天气系统常出现在夏季的副热带高压南侧，在东风气流中产生并向西移动，是热带气旋的主要来源之一。
1387,【K3】,甩尸名,苦力怕,这是一款沙盒游戏中的一种怪物，通体绿色，喜欢趁玩家不注意偷偷走到背后自爆，是该游戏的吉祥物。
1396,【D2】,台风吧友,戴维,这位化学家的姓名在英语里很常见，他曾在一段时间内使用同一种方法连续发现了多种活泼金属元素。
1397,【T2】,鉝貓,太原,这座城市主城区位于以它命名的地形区内，但只占据了这个地形区的最北角。而南面大部分地方属于晋中、吕梁两座城市。
1398,【W2】,鉝貓,万荣,这个县级行政区由两个县合并而来，各取一字作为新名称。该县以笑文化闻名全国，位于汾河口。
1399,【J2】,鉝貓,江西,这个省份南部有一座以其简称+州为名的城市，而这座城市里又有两条河，这两条河的名字分别是省份简称的左半边和右下部分。
1400,【H2】,鉝貓,湖南,这个省份位于我国中部地区，省会主城区建在河畔，五岳其一位于该省境内。该省西部山峦林立，是土家族的主要聚居地。
1401,【Y2】,鉝貓,运城,这座城市和盐有关，是古代的盐产地，但现在已不产食盐，产盐的盐湖目前盐浓度已经逼近死海。这座城市还是关羽的出生地。
1403,【Z3】,Xe,朱世杰,这位古代数学家是我国“宋元四大家”之一，他将方程组中的多个未知数依次命名为天元、地元等，体现了先进的代数思想，著有《四元玉鉴》。
1405,【J4】,Xe,祭侄文稿,这篇行书书法作品中，作者以极度悲愤的心境，追忆兄长一家满门忠烈、为国捐躯的往事。现藏于台北故宫博物院，2019年当局曾将其送往日本展览，引发争论。
1408,【Y1】,甩尸名,砚,这是一类文玩，是中国书法的必备用具。兼具实用价值和收藏价值，最初的材料为石头。
1410,【W4】,鉝貓,吴氏四杰/吴家四杰,这是现代扬州四位同姓同辈教育家、科学家的称呼，分别是吴征铸教授、吴征鉴教授、吴征铠院士和吴征镒院士。
1414,【S2】,萌物第三场,水生,这个人物形象是一篇小说中一位人物的侄儿，文中一对儿时好友成年后隔了一层厚障壁，该小说被收录在《呐喊》里。
1415,【G4】,萌物第三场,共产国际,这个国际组织存在于1919至1943年，总部位于莫斯科，国共两党都曾申请加入它。也叫“第三国际”。
1416,【R5】,萌物第三场,日不落帝国,这是一个国家的美称，该国是世界七大帝国中唯一的近代帝国，因每刻都有阳光照耀该国本土及殖民地而得名。
1421,【G2】,萌物第三场,枸骨,这是一种冬青科冬青属植物，叶子形态特殊，像一个长了几个角的长方形，有刺，果实红色。
1425,【Y4】,萌物第三场,疑罪从无,这一司法原则起源于古罗马法“罪案有疑，利归被告”，指现有证据不能判定嫌疑人是否犯罪时，不予起诉。
1426,【H5】,萌物第三场,花无百日红,这句俗语可比喻友情不能持久，字面意思是没有一直盛开的花，常与”人无千日好”连用。
1428,【P4】,萌物第三场,平遥古城,这个地方是北方汉文化保留最完好的城池，位于山西晋中，著名景物有日升昌票号等。
1430,【J3】,萌物第一场,角宿一,这颗恒星是二十八星宿之首，室女座α星，是一颗蓝矮星。
1433,【X8】,萌物第一场,闲看庭前花开花落,这句古文的意思是不以得失而动心，就像以一种淡然的心态来看待院子里的花开了又谢，出自《菜根谭》。
1441,【W4】,萌物第一场,武昌起义,这是一起历史事件，引发了一场重大革命，但事件发生时革命领导人并不在国内。
1444,【S3】,萌物第一场,声悬浮,这是在高音强条件下由于驻波原理，物体产生向上的力与重力抵消并在水平方向上停留在半空中的波节处的现象。
1449,【Y3】,萌物第二场,运动学,​这是力学的一门分支，专门描述物体在空间中的位置随时间的演进而作的改变。
1455,【W4】,萌物第二场,望闻问切,这是传统中医进行诊病的四种手段，即观表征，听气音，询病史，诊脉瘕。
1457,【J2】,萌物第二场,江歌,这是一位帮舍友挡住前男友而遭杀害的中国籍在日留学生，该案于2016年在两国舆论界引起轰动。
1460,【N3】,萌物第二场,内卷化,这个词指一种社会在某一阶段达到一种确定的形式后，便停滞不前或无法转化为更高级模式的现象。也指内部恶性竞争导致后进者越来越难以参与。
1462,【X2】,萌物第四场,雪莲,这是一类菊科植物，属于风毛菊属，常生长在高海拔地区，有较大的药用价值。它们大部分已被列入一级保护植物。
1470,【D9】,萌物第四场,大头儿子和小头爸爸,这部动画创作于1995年，以诸多有趣的小故事串起了主人公一家三口快乐的日常生活，这家的女主人是围裙妈妈。
1472,【S2】,萌物第四场,上钓,这个词语是用诱鱼作为比喻形容上当受骗，与“上钩”是同义词，与一种自杀方式是同音词。
1475,【J4】,萌物第四场,俊采星驰,这个词语的意思是杰出的人才就像星星一样多，第四字是一个动词，出自《滕王阁序》。
1476,【Z6】,萌物第四场,曾日月之几何,这句古文写于农历十月十五日，它和它的下一句共同写出了短时间内自然景物的变化之大，出自《后赤壁赋》。
1477,【W3】,萌物决赛,勿忘我,这是一种紫草科植物，广泛分布于全国，它的名称含义为“不要忘记本人”，因而有永恒的花语。
1482,【Y4】,萌物决赛,夜观天象,这个词是古代钦天监的任务之一，也是三国杀集换式卡牌游戏《阵面对决》中的卡牌名。
1483,【C4】,萌物决赛,村上春树,​这位当代作家生于日本，其作品风格为后现代主义，被誉为日本第一个纯正的“二战后时期作家”，代表作有《挪威的森林》等。
1484,【D3】,萌物决赛,东京都,这是日本的一个非县一级行政区，是亚洲最大城市。
1486,【Z2】,萌物决赛,咨嗟,这个词语的意思是“赞叹、叹息”，出自《楚辞·天问》，李白在《蜀道难》里也用过这个词。
1497,【B3】,萌物决赛,报春花,这种植物和它的科同名。分布于南方高山，花期2-5月，它的名称来源于它的始花意味着春天的到来。
1500,【Q7】,萌物决赛,秋水共长天一色,这句古文描写了九月赣江的景色，在晚霞中，水光接天，融为一体。上一句是“落霞与孤鹜齐飞”。
1501,【Y2】,鉝貓,玉米,这是一种禾本科植物，在一部童话作品中有一只爱吃这种植物的狐狸。这种植物发源于热带。它的雄花长在顶部，果实长在叶腋。
1502,【S4】,台风吧友,苏卡不列,这是一首网红土嗨曲的名字，来源于一句俄罗斯流行詈词。
1504,【Y4】,台风吧友,一氧化碳,这是一种具有还原性的气体，有毒，燃烧时发出蓝色火焰。是C在不充分燃烧时形成的产物。
1505,【S6】,台风吧友,社会帝国主义,这是一种口头上打着社会主义旗号，实表现类似帝国主义的社会制度，也称社会沙文主义。
1507,【L4】,甩尸名,流汗黄豆,这是小黄脸表情系列中的一个，外观为一咧嘴笑的脸和一滴汗，是阴阳怪气表情的代表。
1508,【B4】,甩尸名,蚌埠住了,这是一句网络流行语，经常在破防时使用，采用华东一城市名称作为谐音。
1510,【B4】,台风吧友,闭关锁国,一种自我封闭，不与外界接触的国家政策，是典型的孤立主义。是我国近代衰落的主要原因之一。
1513,【K6】,台风吧友,库尔斯克会战/库尔斯克战役,这是第二次世界大战期间苏德战场的决定性战役之一，也是二战中最大的坦克会战。
1514,【D4】,甩尸名,大秦铁路,这条铁路位于华北，是我国第一条双电气化重载铁路。名称中包含一个朝代的名字。
1516,【S4】,台风吧友,绥靖政策,这是一种对侵略的退让屈服，以牺牲别国为代价，向侵略者妥协的政策。1938年苏台德地区被割让给德国将该政策推向顶峰。
1517,【T4】,台风吧友,铁幕演说,这是1946年英国时任首相发表的一篇反苏联、反共产主义的演说，运用比喻攻击苏联和东欧社会主义国家。被认为是美苏冷战开启的标志。
1519,【A5】,台风吧友,阿芙乐尔号,这原是俄帝国的一艘防护巡洋舰，参与了彼得格勒武装起义。M3曾说这艘军舰的一声炮响，给中国送来了马克思主义。
1520,【F5】,台风吧友,凡尔登战役,第一次世界大战中破坏性最大、时间最长的战疫，伤亡仅次于索姆河战役，被称为“屠宰场”“地狱”“绞肉机”。
1523,【J4】,台风吧友,计划经济,这是一种对生产、资源分配以及产品消费进行规划的经济体制。在此体制下，生产什么、生产多少等，都由政府决定。
1524,【Z6】,台风吧友,资本原始积累,这是一种主要通过暴力使直接生产者与生产资料分离，由此使财富迅速集中于少数人手中的历史过程。是资本主义生产方式的前提和起点。
1525,【G2】,甩尸名,关羽,这是东汉末年的一位名将，但后来被世人拜为财神。
1526,【Q2】,甩尸名,秦琼,这是一位隋末唐初名将，两肋插刀的典故出自这位猛将。后世将其作为门神。
1527,【M5】,台风吧友,摩尔曼斯克,这是北冰洋沿岸的最大城市，位于科拉半岛东北，虽处于北极圈内，但受到北大西洋暖流影响，是一座不冻港。
1528,【S5】,台风吧友,十字军东征,这是一系列持续近两百年的宗教性军事活动，由西欧的封建领主和骑士以收复阿拉伯、突厥等穆斯林占领的土地为由对地中海沿岸国家发起的战争，共9次。
1530,【J3】,鉝貓,金渐层,这是英国短毛猫的一个品种，通体毛色橙黄，身材较短，体型偏胖。
1533,【M5】,Xe,密西西比河,这条河的流域面积非常大，是北美洲第一大河，美国一个州与其同名。
1534,【J3】,Xe,交流电,这是指电流方向随时间作周期性变化的电流。
1535,【L3】,甩尸名,螺丝刀,这是家庭常用工具，主要有一字和十字两种。又叫改锥。
1536,【Y2】,甩尸名,盐类,这是一类金属离子或铵根离子与酸根离子或非金属离子结合的化合物，可水解。
1537,【D4】,台风吧友,帝国主义,这是资本主义发展的一个阶段，是在资本主义生产力和生产关系矛盾进一步发展的基础上，在生产和资本加速集中的过程中于19世纪末20是基础形成的制度。
1540,【K6】,台风吧友,克里米亚半岛,这是东欧的一个半岛，二战时期有当时世界上最完备的军事设施，二战末期，美英苏三国在此地召开了一次关键性会议。
1541,【Q5】,甩尸名,启普发生器,这是一种气体发生器，常被用于固体颗粒和液体反应制取气体，典型实验是用稀硫酸和锌粒制取氢气。
1542,【B2】,甩尸名,北宋,这个朝代由篡位建立，第二位皇帝是开国皇帝的弟弟，且崇尚佛教。这个朝代最终灭亡于外族政权。
1543,【J5】,台风吧友,经济全球化,这个词指世界经济活动超越国界，通过对外贸易、资本流动、技术转移、提供服务、相互依存、相互联系而形成的全球范围的有机经济整体的过程。
1544,【L2】,甩尸名,硫酸,这是一种最活泼的二元无机强酸，能和绝大多数金属发生反应。它具有脱水性、强烈的腐蚀性和氧化性。实验室常用它和锌来制取氢气。
1545,【X2】,甩尸名,氙气,这是一种无色无味的惰性气体，主要用于给灯具充气。它通电时可以发出特强的白光。它可以和氟形成各种价态的化合物。
1547,【S2】,甩尸名,石蕊,这是一种弱的有机酸，是从地衣植中提取得到的蓝色色素。可用作酸碱指示剂，遇酸变红，遇碱变蓝。
1548,【G4】,甩尸名,过氧化氢,一种无机化合物，可任意比例与水混合，是一种强氧化剂，会缓慢分解产生水和氧气。其水溶液可用于消毒。
1549,【D2】,甩尸名,电离,这是电解质在水溶液或熔融状态下离解成带相反电荷并自由移动离子的一种过程。
1550,【H3】,甩尸名,化学键,这是纯净物分子内或晶体内相邻两个或多个原子（或离子）间强烈的相互作用力的统称。
1551,【R3】,甩尸名,溶解度,这个词是指在一定的温度下，某固体物质在100克溶剂里(通常为水)达到饱和状态时所能溶解的质量，用用字母S表示。
1552,【L5】,甩尸名,硫酸铜溶液,这是一种盐溶液，是初中化学中一种常用的试剂。呈天蓝色，与石灰水混合可得波尔多液，与氢氧化钠反应生成蓝色絮状沉淀。可用于湿法炼铜。
1553,【G5】,甩尸名,过饱和溶液,这个词是指一定温度、压力下，当溶液中溶质的浓度已超过该温度、压力下溶质的溶解度，而溶质仍未析出的溶液。
1562,【J4】,N君,煎饼果子/煎饼馃子,这是一种中国著名小吃，主要产地为天津。在动漫Lovelive superstar中，唐可可用它唱了一句RAP。是少见的以“套”为单位的食物。
1563,【Z2】,N君,走样,这个词指在计算机上用离散的信号表示连续的图形时造成的信息失真，同时它也是一个现代汉语词汇，意思是失去了原来的样子。
1564,【J2】,N君,景深,这个词指用摄影机拍摄景物时，被摄景物中能产生清晰影像的最近点与最远点之间的距离。
1571,【T2】,鉝貓,太阳,这是一个黄色的气态天体，年龄大概在50亿年左右，其外围有不止一条由固态碎屑组成的环。其光谱类型为G2V，是人类利用的绝大多数能量的根本来源。
1572,【H6】,甩尸名,汉语拼音方案,这是一种以拉丁字母为现代标准汉语标音的方案，为现代标准汉语罗马拼音的国际标准规范，是现在中国人名、地名和中文文献罗马字母拼写法的统一规范。
1575,【H4】,鉝貓,壶口瀑布,这是位于秦晋交界处的一处风景区，是国内第二大瀑布，位于黄河中游。
1578,【B7】,鉝貓,不管三七二十一,这句俗语一般是指在形格势禁的条件下，不考虑后果直接去做事。俗语中含有一条乘法口诀。
1579,【P3】,鉝貓,胚芽鞘,这是帮助单子叶植物破土而出的一种结构，达尔文曾经使用金丝雀虉草的这个结构发现了生长素的存在。
1580,【N2】,鉝貓,尿素,这是一种简单的有机物，是蛋白质代谢产物的一种。其含氮量非常高，可以用做化肥。它会分解释放氨气，是尿味的主要来源。
1581,【S4】,鉝貓,三聚氰胺,这种有机物的含氮量奇高，曾经被不法商家添加到牛奶中以提高蛋白质检测量，后引发大量新生儿肾衰竭。
1582,【L10】,鉝貓,绿水青山就是金山银山,这是中国特色社会主义生态文明建设的重要论断，含义为良好的生态环境就是社会资源与财富。
1583,【S6】,鉝貓,上海合作组织,这是一个国际组织，主要目的是经济、环境和反恐等方面的合作。正式成员有中俄和中亚五国。
1584,【Z4】,鉝貓,自然选择,这是在个体至种群水平上的生物进化的主要推动力，即自然环境导致适应环境的生物存活并繁衍后代，而不适应的死亡。
1585,【Z4】,鉝貓,中性假说/中性理论/中性学说,这是生物进化的一个理论，它的主要假设是基因突变很少是有害或者有利的，而大多数是无害无利的，这些突变在群体中随机漂变固定。
1586,【Z4】,鉝貓,中心法则,这是全部细胞生命所遵循的规律，即DNA自我复制并转录为RNA，RNA翻译为蛋白质。
1587,【G4】,鉝貓,冈崎片段,这个术语是指DNA在复制过程中由于3'至5'方向不能逆向复制而导致的不连续片段。
1588,【J2】,鉝貓,极冠,这一天文现象是谜语“北地之王”的谜底，发生在火星的极圈内，是一系列结冰的物质反射太阳光造成的，看起来就像帽子一样。
1590,【G2】,台风吧友,共和,这个词最早指西周的一个历史时期；今天指代一种政治制度，与“君主制”相对。
1591,【D2】,伊奈里,队列,这是一种数据结构，数据的插入和删除都只能在其一端进行，实现了先入先出的语义。
1593,【Y2】,伊奈里,异或,这是一个数学运算符。它应用于逻辑运算，其运算法则相当于不带进位的二进制加法，符号为“xor”。
1596,【J2】,伊奈里,阶乘,这是基斯顿·卡曼于1808年发明的数学符号，是所有小于及等于该数的正整数的积，用感叹号表示。
1598,【T6】,鉝貓,通用串行总线,这是一种通用的数据传输接口标准，常用于连接鼠标、闪存、智能手机等，缩写为USB。
1604,【K2】,科协会员,康保,这个县位于华北，但由于地形因素，时常比哈尔滨寒冷。该地隶属张家口市，县内有大片草原和金长城。
1606,【H8】,鉝貓,浩浩乎如凭虚御风/浩浩乎如冯虚御风,这句古文描写的是苏轼在赤鼻矶泛舟时的感觉，水光接天，就像是乘风而行一样。
1607,【J4】,伊奈里,几何分布,这是最主要的概率分布模型之一，计算前n-1次都失败，第n次成功的概率就需要用到该模型。因其求和使用到几何级数而得名。
1608,【Q2】,伊奈里,骑楼,这是一种近代商住建筑风格，是一种典型的外廊式建筑物。其结构分为上下层，上层往往设计在人行道上，下层则是柱廊式人行道。常见于两广、福建、海南等地。
1610,【S2】,科协会员,酸菜,一种食物半成品，东北居多，西南也有。虽是半成品，但也可直接食用。曾是人们发明的一种蔬菜保存方式。
1614,【M3】,鉝貓,莫兰蒂,这是一个热带气旋的名称，这个气旋是其所在洋区最强的气旋之一，它在16年中秋前后登陆了厦门，并被除名。
1615,【M3】,鉝貓,莫妮卡,这个热带气旋是其所在洋区最强的气旋之一，它在澳大利亚北部两块陆岬之间爆发，并以巅峰强度登陆。同时该名称也是《心跳文学部》中一位高人气角色的名字。
1616,【M3】,鉝貓,马勒卡,这是一个热带气旋的名称，2010、2016、2022年3个同名台风强度均有大型飓风级别，其中，2022年的同名台风是当年第一号台风。
1621,【T4】,甩尸名,铁血丹心,这首歌由邓伟雄作词，罗文、甄妮合唱。是1983版射雕英雄传的主题曲。
1622,【S4】,科协会员,数量矩阵,这是一种矩阵，该矩阵可以与任意矩阵交换。
1626,【T2】,鉝貓,天枢,这是古代亚洲各国为赞颂武周功德立的纪念碑的名称。同时也是北斗七星中第1颗恒星的名字。
1628,【S5】,鉝貓,三下五除二,这句俗语本是算盘口诀，即n+3，拨下5档位珠，并拨去下方两颗珠。现在多用来形容做事干脆利索。
1629,【Y5】,鉝貓,一退六二五/一推六二五,这句俗语本是古代斤两的换算口诀，意思是一两等于0.0625斤，现在多比喻推卸全部责任。
1630,【M3】,鉝貓,卯酉线/卯酉圈,这是一个经线圈的名称，与子午线垂直，即90度和270度经线组成的圈。
1632,【Z7】,鉝貓,主人忘归客不发,这是浔阳江头发生的一个场景，主人在送客时听到了琵琶的声音没有离开，客人也因此没有辞别。
1636,【B2】,鉝貓,白道,这是天球上的一条线，这条线并不固定，是月球运行的路线。
1637,【X6】,鉝貓,仙女座大星系/仙女座大星云,这个河外星系肉眼可见，南半球大部分地区不可见，是本星系团最大的星系，编号M31。
1638,【X6】,鉝貓,小麦哲伦星系/小麦哲伦星云,这个河外星系肉眼可见，是银河系的伴星系，北半球大部分区域不可见，麦哲伦环球航行来到南半球时看到了它。
1639,【M1】,台风吧友,喵,这是一个拟声词。一般用来表示一种头圆、颜面部短、前肢五指、后肢四趾，趾端具锐利而弯曲的爪、爪能伸缩的小型猫科动物的叫声。
1640,【Y4】,台风吧友,荧惑守心,这种天文现象指的是从地球上看，火星在心宿内发生“留”的现象。在古代被认为是大凶天象。
1641,【Z3】,甩尸名,足球烯,这是一种非金属单质的别称。其拥有很大的分子量，物理、化学性质特殊。分子式为C60。
1642,【Z2】,台风吧友,足球,这项运动的现代规则起源于1863年的英国，运动对抗性强、战术多变、参与人数多，被誉为“世界第一运动”。
1643,【K4】,台风吧友,卡斯特罗,此人是世界上被暗杀次数最多的人，是古巴人民的伟大领袖，被誉为“古巴国父”。曾发表著名演讲《历史将宣判我无罪》。
1644,【G6】,魔女,广州铁路集团,该公司是一所铁路局，其于1993年成为唯一以商业模式运作的国有独资铁路企业，也是国铁市场化的试点企业，其简称和其他铁路局后缀不同。也被戏称为“抢铁”。
1645,【G3】,鉝貓,共青城,这个地名在中国、乌克兰和俄罗斯都有同名城市，国内的该城市最早是一片农场，现在是九江市代管县级市。
1647,【M5】,台风吧友,马奇诺防线,这是法国于一战后在其东北边境地区构筑的筑垒配系，十分坚固，造价昂贵。但它在二战中被德军轻而易举地绕过，故经常被网友拿出来调侃。
1648,【M5】,台风吧友,马歇尔计划,这是二战后美国对西欧各国进行经济援助、协助重建的计划。该计划促进了西欧各国经济的恢复，但也使美国开始掌控西欧的政治经济格局。
1649,【D5】,台风吧友,杜鲁门主义,这是二战后美国谋求世界霸权的指导方针和扩张计划，以美国一总统的名字命名。它的提出是冷战正式开始的重要标志，是二战后典型的大国主义。
1650,【J7】,台风吧友,经济互助委员会,这是一个历史上的政治经济合作组织，是苏联为了应对马歇尔计划而建，帮助东欧各国进行战后重建，但也将东欧各国纳入了本国计划经济。简称“经互会”。
1652,【N2】,台风吧友,瑙鲁,此国位于太平洋上，曾以磷酸盐矿资源大力发展经济，人民生活水平一度极高，但因野蛮开采而枯竭致经济下滑。是世界上第三小的国家、人口最少的联合国成员国。
1654,【G7】,台风吧友,刚果民主共和国,此国位于非洲，拥有肥沃的土地、优良的气候条件和丰富的矿产资源，但由于政治腐败而发展欠佳。曾用国名扎依尔。
1655,【A3】,台风吧友,阿富汗,此国位于亚洲，曾击退三个超级大国的侵略，因而人称“帝国坟场”，但也因战争而社会动荡、民生凋敝。
1656,【B5】,台风吧友,布基纳法索,此国位于西非，曾用国名“上沃尔特”，现国名意为“正人君子之国”。1983-1987年，该国曾由马克思主义者领导。2018年5月1日，该国与中国建交。
1659,【Z2】,鉝貓,皂荚,这是一种豆科植物，果实荚状扭转，可以作为庭院的绿化植物。它的树皮上有很多尖刺，果实可以食用，果皮可以用来洗衣服。
1660,【Z2】,鉝貓,紫藤,这是一种豆科植物，果实荚状扭转，可以作为庭院的绿化植物。它一般多股茎缠绕在一起生长，花紫色下垂，像瀑布一样。
1663,【C8】,鉝貓,出则无敌国外患者,这句古文的意思是国外没有敌对的国家和境外势力。在这种情况下，国家常常会灭亡。出自《孟子》。
1665,【M1】,鉝貓,芒,这是一种禾本科植物的名称，同时也是对一些禾本科植物果实上针刺状附属物的称谓。
1666,【Y3】,鉝貓,友谊数/友好数,这类数组的特点是一个数的所有真因数之和等于另一个数，倒数之和等于二者比值。最小的是220和284。
1667,【W3】,鉝貓,完全数/完美数,这类数字以6或者28结尾，且都属于斐波那契数，特征是所有真因数的和为其本身，倒数之和为1。
1668,【G5】,N君,歌声与微笑,这首歌是一首经典的儿童歌曲，如果把歌名翻译成英文，则成为了lovelive中的一首日文歌。该儿童歌曲的第一句歌词为“请把我的歌带回你的家”。
1671,【F3】,轩辕十四,范志毅,这是一名足球运动员，是国足的前国脚，曾预言国足会败给越南。
1672,【H2】,轩辕十四,鲘门,这是一个地名，位于广东省汕尾市，是深汕特别合作区的组成部分，粤东地区的渔业重镇。
1673,【X2】,鉝貓,炫迈,这个品牌的英文意思是“大步”，由于其广告词“根本停不下来”而火爆全网，一时间成为网络流行语。
1674,【Z2】,科协会员,左权,此地因同名人物在此牺牲而得名，位于晋东地区，此人是八路军牺牲的最高将领。
1675,【X2】,科协会员,昔阳,此县位于晋东地区，历史中有乔尚书向皇帝宣扬此县富饶因而被多收税的故事。也是“农业学大寨”故事的发源地。
1676,【H2】,科协会员,和顺,此县位于晋东地区，历史上有王尚书向皇帝说明气候艰苦因而被减税的故事。也是牛郎织女文化之乡之一，人称梁余古郡。
1678,【S2】,Xe,酸酐,这是指某含氧酸脱去一分子水或几分子水，所剩下的部分。
1679,【L6】,台风吧友,联合果品公司,这是一家美国垄断公司，主要经营果品种植和销售。该公司二十世纪在拉美部分国家自订法律、自设军营，逮捕和杀害工人，甚至与反动势力勾结，操纵各国政治。
1680,【Z4】,台风吧友,猪湾事件,这是在中央情报局的协助下逃亡美国的古巴人在古巴西南海岸某处向古巴发动的一次失败的入侵。此事标志着美国反古巴行动的第一个高峰。
1681,【Y4】,甩尸名,邮政拼音,这是一个以拉丁字母拼写中国地名的系统，1906年春季于上海举行的帝国邮电联席会议通过其使用。这是20世纪上半叶西方国家拼写中国地名时最常用的系统。
1682,【S4】,Xe,十三间房,这是新疆的一个地方，这里位于百里风区内，常年大风。由于地名的原因，QQ群中常用去这个地方来暗指被禁言。
1683,【X5】,Xe,细叶结缕草,一种禾本科 ，结缕草属多年生草本植物。匍匐茎。秆纤细，高可达10厘米。俗称“台湾草”。
1684,【N2】,甩尸名,牛牛,一款流行于中国福建、两广、越南等地的纸牌游戏。其中一家为庄家，其余皆为闲家，发完牌后所有闲家跟庄家逐一进行比较牌型后确认输赢。
1685,【H6】,台风吧友,哈布斯堡王朝,欧洲历史上最强大的及统治领域最广的王室，曾统治神圣罗马帝国、西班牙帝国、奥地利大公国、奥地利帝国、奥匈帝国。 
1686,【D2】,甩尸名,渡槽,又称“飞渠”，普遍用于灌溉输水，也用于排洪、排沙等。起源于中东地区，古罗马时代和上世纪的我国曾大规模建设。
1687,【L5】,台风吧友,莱特湾海战,场海战是历史上最大的海战，也是迄今为止最后一次航母对战。此战彻底摧毁了日本的航母力量，严重打击了日本全局的实力。
1690,【H3】,台风吧友,赫克托,2018年东太的一个飓风，苟进了西太，因当年另一台风附近一涡旋被台风吧一吧友误认成它而产生了一个著名的梗。
1691,【A6】,台风吧友,阿波罗尼乌斯/阿波罗尼奥斯,这位古希腊数学家对圆锥曲线很有研究，高中解析几何中一种常见的圆以他命名。
1696,【S4】,物业,世说新语,这部中国古代文学作品由一名宗室子弟编著，书中记录的事件大都发生在魏晋时期，是研究魏晋时期高门士族生活的重要资料，《陈太丘与友期》即选自这部著作。
1702,【N8】,N君,那些年错过的大雨,这句歌词是谜语“三过家门而不入”的谜底，出自一部青春爱情类电影的主题曲，演唱者是胡夏，歌词的下一句是“那些年错过的爱情”。
1717,【S3】,萌进一复盘,少年游,词牌名，又名“小阑干”“玉腊梅枝”等。双调五十字，前段五句三平韵，后段五句两平韵。有名句“绿鬓朱颜，道家装束，长似少年时。”等。
1726,【Q6】,萌进一复盘,起坐而喧哗者,这句古文描写的是在醉翁亭中众人宴饮欢乐的场景。
1729,【S3】,萌进一复盘,四布衣,指清康熙十七年举博学鸿词科，以笼络士人，布衣李因笃﹑朱彝尊﹑潘耒﹑严绳孙皆举授编修的历史事件。
1731,【M7】,萌进一复盘,民所衣食之原也,这句古文出自《货殖列传》，意思是农虞工商这四个行业是人们吃穿用度的来源。
1754,【F4】,萌进一复盘,飞漱其间,这句古文描写的是三峡两岸陡峭的悬崖上的跌水。上一句是“悬泉瀑布”。
1755,【L2】,萌进一复盘,临安,这座城市曾做过国都，该朝代是在旧朝代覆灭后同姓族人建立的，为了表示不忘前朝灭国之耻，这里只是暂时安顿之地而改名为此。
1762,【S3】,萌进一复盘,水长东,这顿词是作者做比喻的喻体，本体是人生长恨。
1780,【S6】,萌进一复盘,思而不学则殆,这句古文是孔子所说，讨论的是学习和思考的关系，意思是只思考不学习是有害的。
1789,【D3】,萌进一复盘,丹丘生,这个人是李白会饮的友人之一，李白劝他“将进酒，杯莫停”。
1793,【J7】,萌进一复盘,京中有善口技者,这句古文写的人仅用一桌、一扇、一抚尺就做到了对各种场面的描绘。是这篇文章的第一句。
1800,【C2】,鉝貓,车前,这种多年生草本植物具有强烈的利尿功效，穗状花序，又叫牛耳草、打官司草、芣苢，现中文正名因命名时其正好位于轮毂前面而得名。
1801,【J2】,鉝貓,江苏,这个省份的简称因长江以南的一座城市而得名。同时这个省份也是最“年轻”的省份，全省大部分地区都是宋代之后才露出水面。
1802,【L2】,鉝貓,临汾,这座城市位于山西省西部，是山西省辖县最多的城市，但全市将近一半人口集中在市区和洪洞县。
1803,【L2】,鉝貓,吕梁,这座城市位于山西省西部，只有东部少部分区域位于盆地内，该市得名于贯穿全境的山脉。
1804,【L2】,鉝貓,离石,这个地方位于山西省西部，是一个以山脉而得名的城市的市区，是典型的条带放射状城市。
1805,【L2】,鉝貓,柳林,这个地方位于山西省西部，是一个以山脉而得名的城市的辖县，这个地名中含有一种植物，相同结构的地名还有“榆林”、“桂林”等。
1806,【L2】,鉝貓,临县,这个地方位于山西省西部，是一个以山脉而得名的城市的辖县，是山西面积第二大县。碛口古镇位于此地。
1807,【L2】,鉝貓,岚县,这个地方位于山西省西部，是一个以山脉而得名的城市的辖县，被誉为“中国马铃薯之乡”，与邻县均得名于岚漪河。
1808,【L2】,鉝貓,娄烦,这个地方位于山西省西部，是中东部省会下辖县中唯一一个人口不足10万的行政区，名称来源于2500年前此地生活的一个游牧民族。
1809,【S2】,鉝貓,宿迁,这座城市位于江苏省，濒临洪泽湖，是项羽和虞姬的故乡。
1810,【A2】,鉝貓,安比,这个台风名称在2018年首次使用，该台风登陆上海并沿着陆地一路北上，以热带风暴级别先后穿过江苏、山东、河北、天津和内蒙古。
1811,【A2】,鉝貓,奥鹿,这个台风名来自朝鲜语，意思是狍子。曾用于2017年第5号台风，该台风寿命极长，甚至在当年11号台风消散后仍在活跃。
1812,【H4】,鉝貓,呼和浩特,这座城市位于我国北部，主体语言为晋语方言。曾用名归绥并曾归山西、察哈尔管辖。
1813,【H4】,鉝貓,呼伦贝尔,这座城市位于我国北部，面积比中东部绝大部分省都大，境内有大面积草原。该市得名于境内的两座湖泊。
1814,【E4】,鉝貓,二连浩特,这个地方位于内蒙古自治区，是重要的边境口岸，著名洲际列车K3在国内的最后一站就是此地。
1815,【E4】,鉝貓,鄂尔多斯,这个地方位于内蒙古自治区，是重要的能源城市，天然气已探明储量占全国1/3。人均GDP长期位于大陆前十。
1816,【G2】,鉝貓,甘南,这个自治州位于我国第一阶梯，主体民族藏族。腊子口战役、舟曲泥石流均发生在此地。
1817,【G2】,鉝貓,果洛,这个自治州位于我国第一阶梯，主体民族藏族。红军长征过雪山草地经过此处。大渡河的上游玛可河位于此地。
1818,【W4】,鉝貓,乌兰巴托,这座北半球城市气候干旱，境内有大面积草原，主体民族蒙古族。是外蒙古国的首都。
1819,【W4】,鉝貓,乌兰察布,这座北半球城市气候干旱，境内有大面积草原，国内唯一允许游牧的四子王旗草原位于此地。汉族人一般以其市辖区“集宁”称呼此地。
1820,【C2】,鉝貓,朝阳,这个词是个多音词，作C2讲是我国多个地方的地名，其中有两个位于京沈高铁沿线。其中一处的群众很有名，另一处是冬泳怪鸽的家乡。
1821,【C2】,鉝貓,彩蝶,这个台风的名字来自朝鲜语，意思是“蝴蝶”，但因发音与伊斯兰教的女先知相同被除名。是2005年强度仅次于风王“海棠”的台风。
1831,【J4】,城文馆,津轻海峡,这个海峡位于太平洋西北部，连接两个岛屿，沟通北海道渡島综合振兴局和青森县。石川小百合有一首名曲描绘了冬天跨越该海峡的景色。
1834,【B3】,城文馆,波兰球,这是一种卡通形象的统称，名字前冠以一个国家的名称，比较著名的‘画家’有Tenadiserp
1836,【B3】,小清,白鹤梁,位于重庆市涪陵城北的长江中，是三峡文物景观中唯一的全国重点文物保护单位，被誉为“保存完好的世界唯一古代水文站”
1837,【Y2】,科协会员,阳泉,此地位于山西，是一座山城，也是百团大战的主战场之一，还是中国共产党创建的第一座人民城市。
1838,【Y2】,科协会员,右玉,此县位于山西，气候极其恶劣，最低气温超过零下40度，当地几代人在这种环境下将不毛之地变为塞上绿洲，以该县名字命名的精神至今仍在被中共中央所强调。
1841,【H4】,城文馆,火奴鲁鲁,城市位于太平洋中部，由于早期盛产檀香木，并且大量运到中国，而被华人称为檀香山。二战时日本曾偷袭此城市附近军事基地成为太平洋战争爆发的导火索。
1842,【S6】,城文馆,神奈川冲浪里,该画作是日本画家葛饰北斋于19世纪初期创作的一幅彩色浮世绘版画作品。描绘了汹涌澎湃的海浪中有三条奋进的船只，英勇的船工们正为了生存而与大自然搏斗。
1843,【Y2】,城文馆,夜巡,该画作是由荷兰画家莱因于1642年创作的一幅布面油画作品。现藏于阿姆斯特丹博物馆。该画作是阿姆斯特丹城射手连队的群像画，画中人物以近舞台剧的形式表现。
1844,【L5】,城文馆,罗塞塔石碑,该石碑制作于公元前196年，刻有托勒密五世登基的诏书。石碑上用希腊文字、古埃及文字和当时的通俗体文字刻了同样的内容，是今日解读古埃及历史的重要线索。
1845,【S4】,城文馆,胜利女神,该雕刻是公元前三世纪古希腊石雕刻，高3.28米，由罗得岛的雕塑家创作，现在保存在法国卢浮宫，与雕塑《维纳斯》和画作《蒙娜丽莎》并称为卢浮宫的“三宝”。
1846,【D9】,城文馆,大碗岛的星期天下午/大碗岛星期天的下午/大碗岛星期日的下午/大碗岛的星期日下午,该画作是点彩画新印象主义代表画家乔治·修拉的一幅布面油画，于1886年展出，现收藏于芝加哥美术学院。该画描写了人们在塞纳河阿尼埃的岛上休息度假的情景。
1847,【C4】,城文馆,吹笛少年,该画作是法国印象派画家爱德华·马奈于1866年创作完成的一幅布面油画作品。现收藏于巴黎奥赛博物馆。该画描绘了卫军乐队年轻的士兵正在吹短笛的场景。
1848,【G2】,城文馆,宫娥,该画作是西班牙画家迭戈·委拉斯凯兹1656年创作的一件油画作品，现收藏于西班牙普拉多美术馆。是一幅有着风俗性特色的宫廷生活画，它描绘了宫廷里的日常生活。
1849,【D7】,城文馆,倒牛奶的女佣人,该画作是约翰内斯·维米尔于1658年至1660年创作的油画，现藏于阿姆斯特丹国立美术馆。该画作描绘了一位身体壮硕、衣着朴素的妇女
1850,【S7】,城文馆,斯特鲁维测地弧,这是从挪威到黑海的一组三角测量点，穿过10个国家，总距离为2820公里。这组测量点于1816年到1855年之间创建，于2005年被列入世界文化遗产。
1852,【H3】,鉝貓,花露水,这是一种最初被用作化妆品的商品，现在多用于驱蚊、空气清新剂等作用。
1854,【X3】,鉝貓,想当年,这个词语是说话人回忆自己以前的事情（一般是风光的事情）时的用词。此词在辛弃疾的一首词中出现过。苏轼的一首词中则用”公瑾“隔开了这个词语。
1863,【G6】,鉝貓,过氧化物酶体,这是真核细胞的细胞器的一种，动物体内的有去除自由基和解毒的作用，植物体内的可以参与光呼吸消耗过剩还原氢。
1864,【L4】,鉝貓,镧系收缩,这是镧系元素的原子半径和离子半径随着原子序数的增加而逐渐减小的现象。该现象导致了稀土元素分离困难。
1865,【C3】,鉝貓,充电宝,这是一种生活中常见物品，又叫移动电源、便携式电源，可以为手机等电子设备充电。
1870,【Y3】,鉝貓,移液枪,这是一种称量工具，用于精确量取和转移0.0001-5ml的液体，液体在一次性使用的枪头中盛放。
1871,【B5】,黑猫,北风和太阳,这是出自《伊索寓言》中的一则故事，旨在告诉人们温和的劝说往往比暴力更有效果。故事的主角是两种自然现象。
1873,【H4】,黑猫,后翼弃兵,这是一部2020年首播的电视剧，剧名是国际象棋的一种开局招式。其走法为1.d4 d5，2.c4。
1874,【G4】,黑猫,甘雨随车,这是旧时称讼地方官的政治措施的话，意思是车行到哪里，及时雨就下到哪里。
1875,【Y3】,鉝貓,燕房线,这是北京郊区地铁线路之一，标志色为橙色，是北京首条无人驾驶地铁。
1876,【Y3】,鉝貓,亦庄线,这是北京郊区地铁线路之一，起点站为三线换乘车站，是北京首条不以区县命名的郊区线路。
1877,【X3】,鉝貓,西郊线,诶呀刹不住车了嘿！现在人追着车跑嘿！现在人追着车跑。这是北京第一条现代有轨电车，建成于2017年。
1882,【O2】,鉝貓,欧姆,德国物理学家，发现了电流、电阻和电压之间的关系，电阻的单位以他的名字命名。
1883,【O7】,鉝貓,欧阳子方夜读书,这句话出自一篇古文的第一句，描写的是当时作者正在干的事情。下一句是“闻有声自西南来者”。
1886,【C3】,鉝貓,长安街,这条道路是一座城市的东西中轴线，该市1路公交车、地铁1号线均沿这条路铺设。这条路是108国道的起点。又叫做“十里长街”。
1887,【C4】,鉝貓,成华大道,这条道路由于一个交通普法节目出名，位于成都二环附近，但其实这条路并不通往二仙桥。
1888,【T4】,鉝貓,天府大道,这条道路是中国最长的直路，长达50公里。是成都市的南北中轴线，其名称也与成都别称有关。
1889,【X6】,鉝貓,香榭丽舍大街/香榭丽舍大道,这条街道是一座城市的东西中轴线，又叫凯旋大道。连接卢浮宫于凯旋门。法语Avenue des Champs - Elysées。
1890,【D4】,鉝貓,第五大道/第五大街,这是一条繁华的商业街，帝国大厦、曼哈顿广场、纽约图书馆均位于此地。英语Fifth Avenue。
1891,【T3】,鉝貓,唐宁街,这是位于英国的一条不是很繁华的街道，但因为首相府邸位于这条道路而世界闻名。
1892,【H3】,鉝貓,华尔街,这是一条不长的道路，却聚集了众多全球知名的金融巨鳄。英文名Wall Street。
1893,【T4】,鉝貓,体育西路,这是广州市中心的一条道路。同时是广州地铁3号线的一座换乘车站，是全国客流量最高的地铁站。
1897,【J4】,台风吧友,鸡你太美,这句网络流行语出自一首歌的空耳，字面意思是称赞一种鸟类长得很漂亮。来源于一段某综艺节目的自我介绍视频。
1898,【D4】,城文馆,刀剑神域,这个游戏于2022年8月进行封闭测试，11月6日正式开服，是ARGUS出品，世界上第一款采用完全潜行技术的VRMMORPG。该游戏所有设定均同同名小说。
1899,【K3】,鉝貓,狂犬病/恐水症,这是一种不治之症，目前仅有几例用“脑死亡”的极端治疗手段救活的患者。患该疾病的人极端恐水，有强烈的撕咬东西的欲望。该病多由猫狗或蝙蝠传染给人。
1902,【A3】,博物杯,爱知县,这是位于日本本州岛中部地方的县；是日本中京工业地带的中心，工业产值排名日本第一；汽车产业发达，比较有名的车企有丰田等；县厅也是该县第一大城市，为名古屋市。
1903,【A4】,博物杯,阿努比斯,这是埃及神话中的神祇之一，与丧葬以及木乃伊制作有关；他长着胡狼的头和人的身体，传说会称量死者的心脏来判断其是否有进入冥界的资格。
1906,【B4】,博物杯,菠萝快车,这是一种天气现象，指源地位于夏威夷岛的一条持续的暖湿气流传送带，在美国西海岸带来强烈的降雨、山体滑坡等灾害。该名字与夏威夷岛盛产的一种热带水果有关。这也是一部喜剧片的名字。
1907,【B3】,博物杯,半知菌,这是一个生物类群，指一群只有无性阶段或有性阶段未发现的真菌。它们当中大多属于子囊菌，部分属于担子菌，由于未观察到它们的有性阶段，而无法确定分类地位。
1909,【B3】,博物杯,北海道,这是日本面积最大的一级行政区；也是日本面积第二大的岛屿；是日本的粮食基地，为日本提供了大量的优质农产品；现在的最大城市是札幌市。
1910,【B2】,博物杯,渤海,这是西太平洋的边缘部分；也是中国的一个内海；有辽东湾、渤海湾、莱州湾三个主要海湾；这片海域正在进行中国国内最大的填海造陆工程。
1911,【B2】,博物杯,保皇,这是源自山东青岛的一种扑克牌游戏；由5人分为2组，用4副扑克牌展开对抗；这个词原指在君主制国家支持和拥护某个特定的君主或某个王朝；如戊戌变法中康有为等人的做法。
1912,【B3】,博物杯,白垩纪,这段时期是显生宙中最长的一段时期；也是中生代的最后一个纪；因欧洲西部的某种沉积物而得名；在这段时期中，恐龙在陆地具有绝对优势，但也没有逃过这一时期末的大灭绝。
1913,【B5】,博物杯,本格拉寒流,这是南大西洋东海岸，南非和纳米比亚西海岸从南向北流动的一股寒流，最终汇入南赤道暖流。
1915,【B3】,博物杯,波尔多,这是法国的一座城市，是吉伦特省的省会；这座城市的葡萄酒产业世界闻名，一种用于治疗葡萄真菌病害的农药在这里诞生并以这座城市命名。
1916,【B4】,博物杯,变色硅胶,这是一种实验室常用的干燥剂，干燥时为蓝色颗粒，吸湿后变为粉红色，可以烘干后循环使用。
1917,【C3】,博物杯,陈世骧,这是一个人名；这个人名被两位伟大的人物共用；其中一位是文学家，另一位是昆虫学家；昆虫学家是浙江嘉兴人，曾毕业于复旦大学，毕生从事于叶甲总科的系统分类和生物分类学的理论研究，在国内外享有很高的声誉；北京农业大学杨集昆教授在他逝世后为他作挽联“生命从无到有从猿到人发展生物史十件大事永垂史册，物种变又不变祖征新征进化分类学二个论点激发科学”。
1918,【C2】,博物杯,出血,这是一个印刷业的术语；这个术语一般出现在海报等图片印刷的领域；在裁切图片印刷品时，它可以避免因钢刀精度不够造成的白边或边缘文字被切掉；具体做法是将图片边缘向四周延伸；一般向四周各延伸3毫米。
1920,【C2】,博物杯,草酸,这是一种常见的有机酸；在植物中广泛分布，菠菜、大黄中尤其多；常见的这种物质的晶体通常含有两分子的结晶水；其水溶液常用于清洗碱性和氧化性物质。
1921,【C3】,博物杯,赤霉素,这是一种在植物中微量存在的物质；是由日本科学家研究一种植物病害时最先发现的；是目前种类最多的植物激素；能够促进植物茎的伸长。
1922,【C3】,博物杯,出版社,这是一种企业类型，通过收集作品和向市场发行各种图书、音像制品等营利；我们阅读的杂志、书报等基本来源于此类企业。
1924,【D3】,博物杯,定滑轮,这是一种简单机械的名称，由带凹槽的圆轮和绳索构成，可以改变力的方向但是不能省力，常用来悬吊重物。
1925,【D4】,博物杯,道路结冰,这是中国气象局发布的突发气象灾害预警信号之一；分为黄、橙、红三个等级；这种现象会对交通安全造成较大的影响；通常发生在冬季，形成条件是路面温度低于0℃和降水。
1926,【D4】,博物杯,大兴安岭,这座山的名字来源于少数民族语言，意为“白色的山”；是黑龙江和嫩江的分水岭；是东北-西南走向山脉中的最西侧一列；也是中国季风区与非季风区的分界线。
1927,【D4】,博物杯,毒扁豆碱,这是一种含氮化合物；是从热带植物中提取的天然生物碱；作为一种胆碱酯酶抑制剂；和东莨菪碱的作用相互拮抗。
1928,【D5】,博物杯,地球物理学,这是地球科学的一个分支学科，研究范围在空间上最广，在探矿、灾害防治等方面应用广泛，主要分支学科有地震学、地磁学、地电学、地热学和重力学等。
1929,【D8】,博物杯,东北人都是活雷锋,这是一首歌曲的名字。该歌曲于2001年传唱于全国各地，歌曲粗犷而温暖，其中提到了多种极具地域特色的食物，最后一句“翠花，上酸菜”广为流传。
1930,【D4】,博物杯,笃斯越橘,这是一种在长白山和大兴安岭有分布的植物，与杜鹃花同属一科，果实蓝紫色，酸甜，味佳，可用以酿酒及制果酱，也可制成饮料，又叫蓝莓。
1931,【D4】,博物杯,独立钻石/独粒钻石/单身贵族,这是一个智力游戏，来源于18世纪法国的宫廷贵族，是一个单人游戏，最终目标是通过跳跃和吃子使棋盘中只有一个棋子位于正中央，最少需要18步达到这个目标，是三大智力游戏之一。
1932,【D3】,博物杯,定军山,是一座山的名字；这座山位于陕西汉中；是三国时期的古战场；在这里发生的一场战役是我国京剧的经典曲目，被拍成了中国的第一部电影；在这场战役中，老将军黄忠以逸待劳，刀斩夏侯渊，为蜀国夺取汉中奠定了基础。
1934,【D4】,博物杯,胆毒鱼类,这是一类有毒鱼类的总称，这一类鱼是我们最常见的有毒鱼类，我们最常食用的青、草、鲢、鳙、鲤都属于这一类鱼，它们的毒素毒理尚未明确，存在于胆汁中。
1935,【D4】,博物杯,低音提琴,这是一种弦乐器，类似于大提琴，但是琴弦更粗，是弦乐器中形体最大，发音最低的，在乐队中一般充当伴奏，很少有独奏。又叫低音贝斯。
1936,【E5】,博物杯,二项式定理,通过这个数学定理，可以将两个数之和的整数次幂展开为两数的幂以及系数的积的和；可以用三角排列表示，称为“杨辉三角”。
1937,【F3】,博物杯,福寿螺,这种动物所属的门是动物界第二大门；这种动物原产于亚马孙河流域；是世界百大外来入侵物种之一；也是广州管圆线虫的主要中间寄主，但因与可食用的田螺相似而使消费者难以分辨。
1938,【F4】,博物杯,非处方药,这是一类药物的统称；又称为成药；这类药物临床应用时间较长、药效确定、药物不良反应较少；是无需处方而可以从药店购买得到的药品。
1940,【F3】,博物杯,丰台区,这是北京近郊的一个市辖区，北京市最大的农产品交易市场“新发地农产品批发市场”位于此区，有北京南站、北京西站等多个火车站。
1944,【G3】,博物杯,格瓦斯,这是一种古老的饮料，盛行于俄罗斯、乌克兰和其他东欧国家，含低度酒精，用面包干发酵酿制而成，颜色近似啤酒而略呈红色。
1945,【G5】,博物杯,关公战秦琼,这是一句习语，来源于相声，用于讽刺不懂装懂，不切合实际，盲目指挥的人。表面意义是一位财神和一位门神，青龙偃月刀和四棱金装锏的战斗。
1946,【H2】,博物杯,合同,这个词是个多义词，既表示矩阵之间的一种等价关系，又表示民事主体之间设立、变更、终止民事法律关系的协议。
1947,【H3】,博物杯,槲寄生,这是一种半寄生植物，这种植物没有什么天敌，因为其含有能令核糖体失活的毒蛋白；在欧美具有独特的文化内涵，经常被用作圣诞节的装饰。
1948,【H3】,博物杯,葫芦岛,这是辽宁省的一个地级市，与河北省相邻；是一座工业城市、旅游城市；在这里诞生了中国第一艘核潜艇；该市原名锦西，被誉为“北京后花园”；该地名同时也是舟山群岛中一小岛的名称。
1950,【H4】,博物杯,和歌山县,这个地方位于日本关西地区；是关西地区近四十年唯一人口减少的县；相传这里是徐福东渡的登陆地点；这里特产柑橘、梅子等水果。
1951,【H3】,博物杯,红毛丹,这是一种原产自东南亚的水果；属于无患子科韶子属；可食用部位是白色肉质，味道酸甜的假种皮；果实表面密布通常是红色的细长软刺，因此得名。
1952,【H4】,博物杯,黑色旅游,这是一种旅游形式，这种旅游形式带来的感受并不是舒适与欢乐，是一种旅游者为缅怀与思索，前往死亡或灾难有关的区域进行的旅游，如参观战场、墓地、名人遇害处、战争纪念遗址等。
1953,【H3】,博物杯,何祚庥,这是一位上海人，祖籍江苏扬州，毕业于清华大学物理系，早期从事粒子理论、原子弹和氢弹理论的研究，是氢弹理论的开拓者之一，也是马列理论专家，是打击伪科学和邪教的先锋，被称为“两栖院士”。
1954,【H3】,博物杯,红花油,这是一种红棕色的澄清液体，有辛辣的味道，是一种外用药，与其他药物同时使用可能会发生药物相互作用，皮肤、粘膜破损处禁用。用于风湿骨痛，跌打扭伤，外感头痛，皮肤瘙痒。 
1955,【H5】,博物杯,海上钢琴师,是一部意大利电影；是由朱塞佩·托纳托雷执导，蒂姆·罗斯、比尔·努恩、梅兰尼·蒂埃里主演的剧情片；这部电影与音乐有关；讲述了一个在邮轮上度过一生的音乐天才的故事。
1956,【H3】,博物杯,黄铁矿,这是一种矿物的名字，与它含有相同元素的大部分矿物都用来炼铁，而它的主要用途是制硫酸。又被称为“愚人金”。化学式是FeS2。
1958,【J4】,博物杯,绝路问津,这是94版三国演义中第66集的标题；在剧中指诸葛亮南征受挫时，向孟节寻求安全到达秃龙洞的方法；现可用于问题无法解决时寻求指点或尝试其他方法；本意是在绝地找路或询问渡口。
1959,【J3】,博物杯,甲骨文,这是东亚已知最早的成体系文字之一，最早发现于河南安阳，是商朝王室为占卜记事刻在龟甲或兽骨上的文字。
1960,【J2】,博物杯,甲烷,这是一种化学物质，常温常压下呈气态，是重要的温室气体，也是一种重要的燃料；是最简单的有机物。
1962,【K3】,博物杯,开心果,这是一种干果，是漆树科黄连木属的植物，也叫阿月浑子；也用来比喻能给大家带来快乐的人。
1963,【K4】,博物杯,库仑定律,这是一个以人名命名的物理学定律；这个定律是众多平方反比定律中的一个；该定律描述了两个点电荷彼此相互作用的静电力；与电荷的乘积成正比，与它们之间的距离平方成反比。
1965,【K4】,博物杯,孔雀石绿,这是一种化学品；是一种染色能力极强的染料，但碱性条件下会褪色；对鱼类寄生虫病有良好的防治效果，常被用于观赏鱼养殖；因为对人可能致癌，所以禁止在食用鱼养殖中添加；是一种三苯甲烷型的绿色染料。
1966,【L5】,博物杯,兰德施泰纳/兰德斯坦纳,1.维也纳 2.免疫学 3.18684.诺贝尔 5.ABO血型
1967,【L2】,博物杯,林默,这是一位福建莆田人，960年出生，去世后成为沿海人民的信仰，是掌管海航、渔业等的神。就是妈祖，这个词是她的原名。 
1968,【L4】,博物杯,蓝色革命,是第一产业领域的一次巨大改变；类似于由采集野生植物到人工栽培植物的转变；这个转变发生在水产领域；主要手段是人工育苗，放养到海里，在人工控制下生长，再捕捞或收割上来；该名词的含义是运用现代科学技术
1969,【L6】,博物杯,蜡样芽孢杆菌,是一种微生物；是一种非常常见的革兰氏阳性菌；菌落形态是白色有光泽的菌落，这种微生物因此得名；在不良环境下可以产生芽孢；又称仙人掌杆菌，是一种条件性致病菌，可能会造成食物中毒。
1972,【L3】,博物杯,连云港,这是一个位于华东地区的沿海城市；江苏省的海拔最高点位于这座城市；这座城市是“新亚欧大陆桥”的东方桥头堡；建国初期被称为新海连市。
1973,【L6】,博物杯,六度分隔理论,这是我们经常感到“世界真小”的一种解释；是20世纪60年代由心理学家米尔格拉姆提出的；他表示，一个人最多通过6个中间人；就能联系上任何一个陌生人。
1974,【L3】,博物杯,利根川,这是日本三大河流之一，历史上曾多次改道；是日本长度第二长，流域面积最大的河流，是东京都市圈的重要水源。
1975,【M3】,博物杯,莫须有,这是中古汉语的一句口语，以为“或许有”，因为秦桧诬陷岳飞时说的一句话流传于后世，现在有“欲加之罪、何患无辞”之意。
1976,【M2】,博物杯,猫舌,这是一种特殊的敏感体质；该词来源于日语，和一种动物有关；指的是由于口腔感觉神经末梢丰富或口腔粘膜薄导致的害怕高温饮食的体质；动漫作品中常作为一种萌属性出现。
1978,【M3】,博物杯,明太鱼,这是一种鱼类
1979,【M3】,博物杯,木天蓼,这是一种植物的名字，这种植物可以使猫咪十分兴奋，但并不具有成瘾性，可以给宠物猫使用。是猕猴桃科猕猴桃属的植物。 
1980,【M3】,博物杯,猫爬架,这是是一种宠物用品，相传是一个美国的动物学者在20世纪初为了治疗日益严重的猫忧郁症而发明的，外观通常为小型多层建筑物结构，主要功能为让宠物猫能有玩乐、运动、休息的空间。
1981,【N3】,博物杯,农杆菌,这是革兰氏阴性菌的一个属，又名土壤杆菌，一些种类可以导致植物产生根瘤；这些种类的Ti质粒中的一段DNA可以整合入植物细胞，通常用于转基因技术。
1982,【N4】,博物杯,逆城市化,这是一个地理学名词，指由于交通拥堵、地价上涨等因素，部分大城市的居民迁往郊区和小都市区的过程；城市空心化是其重要表现之一。
1983,【P7】,博物杯,平面直角坐标系,这是由两条互相垂直，相交于原点的数轴构成的坐标系统，由法国数学家笛卡尔创建，有四个象限。
1984,【Q2】,博物杯,钳工,这是机械工业最古老的工种，一般从事机械难以完成的金属器件加工以及机器的调试和修理，因常使用台虎钳夹持工件而得名。
1985,【Q3】,博物杯,青稞酒,这是一种特色美食；流行于西藏等地区；用一种特殊的大麦酿制而成；经常和酥油茶共同提起。
1986,【Q2】,博物杯,气候,这是一个自然科学名词，时间尺度最长可达数百年以上，具有稳定性，指的是是大气物理特征的长期平均状态。
1987,【R5】,博物杯,瑞克和莫蒂,这是一部美国成人动画科幻情景喜剧，讲述了祖孙二人的家庭生活和跨维度冒险的奇幻经历。
1988,【R3】,博物杯,日落黄,这是一种从石油中提取的人工食用色素；可以与苋菜红共同使用以产生巧克力色；它在北欧国家被禁止使用；又名晚霞黄、夕阳黄、橘黄、食用黄色3号。
1989,【R8】,博物杯,人类的群星闪耀时/人类群星闪耀之时,这是一本书的名字，记录了一些真正的具有世界历史意义的人物和时刻，作者是奥地利作家茨威格，其中的《南极探险的斗争—斯科特》一文被选入初中语文课本。
1990,【S4】,博物杯,十二指肠,这是人体消化道的一段，因其长度而得名；是小肠的最前段，连接了胃和空肠，有胆囊和胰腺导管的开口。
1991,【S4】,博物杯,水力发电,这是获得电能的一种方式，是目前人类社会应用最广泛的可再生能源；利用了水的重力势能，即建设大坝蓄水，放水时使流水推动轮机来发电。
1992,【S8】,博物杯,水善利万物而不争,这句话出自《道德经》，被化用作河海大学校歌中的一句；通过描述水具有的种种特性，论证了最高的“善”是怎样的。
1993,【S6】,博物杯,神奈川冲浪里,这是日本最著名的浮世绘作品之一，是葛饰北斋绘制的木版画，《富岳三十六景》之一；图中有在波涛中奋力前行的三只渔船和远方的富士山。
1994,【S3】,博物杯,身份证,这是一种中国具有而美国不具有的物品；是由国家或地区政府发行予公民；上面有公民的姓名、性别、出生日期等个人信息的卡片；在唐朝已经出现了它的雏形，即朝廷分发给官员的“鱼符”。
1995,【S2】,博物杯,山竹,这是一种产自热带的水果，属于藤黄科藤黄属；和榴莲为“夫妻果”，被称为“果王”和“果后”；外果皮为暗紫色，内果皮可食用，为白色瓣状；为宝可梦中“甜竹竹”的原型。
1996,【S3】,博物杯,书名号,这是一个标点符号；现在的书写形式来自于俄语；一般成对使用，有单和双两种写法；是用于标明书名、篇名、报刊名、文件名、戏曲名、歌曲名、图画名等的标点符号。
1998,【S7】,博物杯,四海翻腾云水怒,这是毛主席词中的一句，这首词在1963年创作，主题是反霸权主义。这一句与后一句同为对世界革命形势的艺术概括，后一句是“五洲震荡风雷激”。
2000,【S2】,博物杯,山楂,这是一种蔷薇科植物，是常见的水果，也可作药用；一首苏联歌曲提到该植物的植株以描述爱情；是冰糖葫芦的常见原料之一。
2001,【S2】,博物杯,寿光,这是山东的一个县级市，位于山东半岛中部，潍坊市。以蔬菜产业闻名全国，是全国最大的蔬菜集散中心。
2002,【T4】,博物杯,托里拆利,这是一个意大利的物理学家，是伽利略的学生，用装满水银的玻璃管测出了大气压的数值。
2003,【T4】,博物杯,托卡马克,这是一种装置，由苏联人首先发明，名字来源于环形、真空室、磁、线圈，是一种利用磁约束来实现受控核聚变的环形容器。
2004,【T3】,博物杯,托托神,这是埃及神话中一位神的名字，传说他书写了死亡之书，被描述为长有朱鹭头或是狒狒头的人形，是埃及神话中智慧和学习之神。
2005,【T3】,博物杯,拓扑学,是一门学科；最早指研究地形、地貌的有关学科；现在指研究几何图形或空间在连续改变形状后还能保持不变的一些性质的学科；它只考虑物体间的位置关系而不考虑它们的形状和大小；该领域中著名的问题有四色问题、哥尼斯堡七桥问题等。
2006,【T4】,博物杯,天工开物,这是一部中国古代的著作，记录了大量先进的农业和手工业技术，作者是明朝的一位学者，这本书被称为“中国17世纪的工艺百科全书”。
2007,【T4】,博物杯,脱式计算,是一个数学学科术;即递等式计算，把计算过程完整写出来的运算，也就是脱离竖式的计算。
2009,【T6】,博物杯,脱氧核糖核酸,这是一种高分子化学物质；具有双螺旋结构；有传递和储存遗传信息的功能；英文缩写是DNA。
2010,【T3】,博物杯,托拉斯,这是一种中国在60年代曾大力推广的经营模式；是英语单词“Trust”的音译；是指在一个行业中一家公司通过收购、托管等形式，兼并大量同行企业的垄断形式；如美国美孚石油公司。
2011,【T3】,博物杯,甜不辣/天妇罗,这种食物的中文名来源于日本；但它其实是由葡萄牙人最先发明的；经常作为关东煮、麻辣烫等食物的原材料；是将鱼虾肉打成浆，加淀粉塑形后炸制而成的。
2012,【T3】,博物杯,酞菁蓝,这是一种含铜有机颜料，邻苯二腈是其原料之一；是一种蓝色晶体，色泽鲜艳，又叫颜料蓝15。
2013,【W7】,博物杯,未若柳絮因风起,这句话出自《世说新语》中记载的一则故事；是在一次家庭聚会中；表现谢道韫才华的一句比喻；故事中认为它比”撒盐空中差可拟”更好。
2016,【X2】,博物杯,湘潭,这是位于中国南方地区的一座城市，又名“莲城”；这里是毛主席故居所在地，也是湖南最大城市群的三座主要城市之一。
2017,【X4】,博物杯,新月沃地/新月沃土,这是一个由美国考古学家詹姆士·布雷斯特德提出的地理学名词；指西亚两河流域附近肥沃的土地；这里诞生了古老的美索不达米亚文明；该词的由来与该地区的形状像一轮弯月有关。
2018,【X4】,博物杯,休斯效应,这是人类活动导致的一种现象。即人类开采古老的化石燃料并燃烧排放二氧化碳，导致大气中碳元素的同位素间比值的变化，放射性的C14比例减小。
2019,【X3】,博物杯,徐福记,这是一个著名品牌，公司总部位于广东东莞，由来自台湾的四兄弟于1992年在中国大陆注册创立，专注于生产经营糖果、糕点等休闲食品。
2020,【X3】,博物杯,徐肇开,这是一个人名；他的事迹收入了新西兰档案馆，成为了新西兰国史的一部分；他是广东人，清末前往新西兰“淘金”，为新西兰经济发展做出了巨大贡献；他创办了昌善堂，为华人移民提供帮助；他死后，遗体由“文特诺”号运回中国，但该船在赫基昂加港附近沉没，他与400余具华人遗骨长眠他乡。
2022,【Y4】,博物杯,洋务运动,是一个历史名词；该事件发生在中国近代；具体时间是19世纪60年代；主要代表人物由李鸿章、左宗棠等；口号是“自强”“求富”。
2023,【Y4】,博物杯,伊索寓言,这是古希腊的一部文学作品，由一系列故事组成；故事的主人公通常为各种动物；具有很高的文学价值，也蕴含着人生智慧；我们熟悉的《龟兔赛跑》、《狼来了》等作品就出自这部作品。
2025,【Y5】,博物杯,莺歌海盐场,这是位于海南省乐东黎族自治县的一个海盐场，是海南岛最大的海盐场，与长芦盐场、布袋盐场并称为我国三大盐场。
2026,【Y4】,博物杯,鱼香肉丝,这是川菜的一道代表性菜品，主料是猪肉，用泡红椒、泡姜等调味料调制出鱼香味，虽然菜名中有“鱼”字但菜中并没有鱼。
2027,【Y5】,博物杯,元素周期表,这是门捷列夫最早完成的，依原子序数、核外电子排布情况和化学性质的相似性来排列化学元素的表格。 
2028,【Z8】,博物杯,中国汉字听写大会,这是一部大型文化类竞技节目，从2013年至2015年共播出三届，导演是关正文，在中央电视台综合频道和科教频道同步播出，节目的主要形式是汉字听写。
2029,【Z4】,博物杯,中南大学,这是一所位于长江以南的985工程高校，这所学校的校徽为蓝色，在工学、医学领域均取得了不小的成就，尤其是有色金属冶金、材料科学和采矿工程，均位于全国前列。
2030,【Z2】,博物杯,竹鼠,这是一种动物，属于“三有”保护动物，近年来逐渐进入人们的视野。因为两位江西养殖户成为大量梗的来源，会因中暑、内伤等被以不同方式吃掉。
2031,【Z7】,博物杯,众人划桨开大船,这是一首歌的名字，首次在1993年中央电视台春节联欢晚会上由歌手付笛声演唱。歌曲用劳动号子风格赞美了齐心协力，团结互助的精神。
2032,【Z5】,博物杯,再向虎山行,这是一部电视剧的名字。这是一部爱国武侠片，由徐小明导演，主要角色有姜铁山、容沧海等，片尾曲歌词中有“头上朗月，明灯一盏，何惧无路往返”这样大气的句子。
2034,【Z2】,博物杯,主权,这是一个国家对其管辖区域所拥有的；至高无上的、排他性的政治权力；是对内立法、司法、行政的权力来源；即“自主自决”的最高权威。
2035,【Z4】,博物杯,祖暅原理,这是几何学里的一个定理；是由中国数学家提出的定理之一；可以用来求立体图形的体积；原文为“缘幂势既同，则积不容异”，即等高处横截面积相等同高立体体积相等。
2037,【S4】,随蓝中秋百词斩-鉝貓,三潭印月,这个景观是苏轼所建，位于西湖的一个湖心岛上，是人民币1元背面图案。
2038,【A6】,随蓝中秋百词斩-鉝貓,阿波罗十一号,这是NASA的一次发射任务，在此次任务中，阿姆斯特朗迈出了“人类的一大步”。
2041,【K6】,随蓝中秋百词斩-鉝貓,枯藤老树昏鸦,这句曲使用了列锦的手法，描写了三个衰败的景物，表现了作者思念断肠的心情。作者马致远。
2042,【G3】,随蓝中秋百词斩-鉝貓,郭杜林,这是国家非物质文化遗产“月饼制作技艺”的传承单位之一，相传最初是太原郭姓、杜姓、林姓三位面点师傅由于一次发面失败做成的月饼。
2043,【L2】,随蓝中秋百词斩-鉝貓,露娜,这一名称并不固定指一位特定的神话人物。它是罗马神话中月亮之神的统称。拉丁语Luna。
2044,【T3】,随蓝中秋百词斩-鉝貓,土卫六,这是太阳系第二大卫星，拥有非常厚的大气层，大气层下有由甲烷和液氮构成的海洋。又叫泰坦。
2046,【M2】,随蓝中秋百词斩-鉝貓,茉莉,这是2009年中秋前后到达强度巅峰的台风，其形态浑圆，被网友戏称为“月饼”。这个台风的名称来自一种木犀科素馨属的植物。
2048,【L2】,随蓝中秋百词斩-鉝貓,胧月,这个词有多重含义，既是明月的意思，也是日本对12月的称呼，同时还是景天科风车草属的一种著名多肉植物。
2049,【M3】,随蓝中秋百词斩-鉝貓,莫兰蒂,这是一个热带气旋的名称，这个气旋是其所在洋区最强的气旋之一，它在16年中秋前后登陆了厦门，并被除名。
2050,【L5】,随蓝中秋百词斩-鉝貓,拉格朗日点,这是6个可以和已有大型天体的轨道稳定共存其他天体的点，目前”鹊桥“号中继卫星就在月球的其中一个点上。
2052,【X4】,随蓝中秋百词斩-鉝貓,细斟北斗,这是作者在洞庭湖泛舟时的想象，他要把西江水盛进北斗七星做成的勺子中请天地万物做客。出自张孝祥《念奴娇·过洞庭》
2054,【C2】,随蓝中秋百词斩-鉝貓,蟾蜍,这类动物的部分物种背上储存有毒液，因此也被人称作“癞蛤蟆”。
2055,【D5】,随蓝中秋百词斩-鉝貓,东京梦华录,这是一部记述北宋都城开封城市风俗人情的笔记体散文。作者孟元老。书中最早记载了食月饼的习俗。
2059,【J2】,随蓝中秋百词斩-鉝貓,静海,这是月球表面最大的一片盆地，面积约为42万平方公里。同时这也是天津一个市辖区以及唐末一个节度使的名字。
2060,【Q5】,随蓝中秋百词斩-鉝貓,钱塘江大潮,这个奇观发生于农历八月十六日至十八日，由喇叭形河口造成，海水最多可以沿杭州湾逆流50公里。
2062,【S3】,随蓝中秋百词斩-鉝貓,朔望月,这个词是指月球绕地球公转相对于太阳的平均周期，为月相盈亏的平均周期。平均为29.53059天。
2063,【Y2】,随蓝中秋百词斩-鉝貓,月华,这是一种大气光学现象，属于光的衍射，表现为月亮周围又一圈彩色的光斑，一般外周呈现红褐色。
2064,【Z2】,随蓝中秋百词斩-鉝貓,芝麻,这是月饼的一种常见馅料，一般将原料碾碎成糊状加入。该原料属于唇形科，是重要的油料作物。
2065,【B4】,随蓝中秋百词斩-鉝貓,丙辰中秋,这是苏轼词《水调歌头·明月几时有》的写作时间，以天干地支纪年。
2068,【G3】,随蓝中秋百词斩-鉝貓,广寒宫,这是月球最高城（划掉），是月球上神仙居住的地方，有太阴星君、月神、月光娘娘、吴刚、嫦娥、玉兔、青女等。
2069,【Y3】,随蓝中秋百词斩-鉝貓,月溪明,这是作者在日夜行舟时的一个片段，作者经过了月光照射下波光粼粼的溪水。出自苏轼的《行香子·过七里濑》。
2070,【D3】,随蓝中秋百词斩-鉝貓,稻香村,这是两个老字号的名字，一家位于北京，一家位于江苏，这两家老字号都以传统糕点、甜点、果脯为主要经营范围。
2071,【W7】,随蓝中秋百词斩-鉝貓,吴刚捧出桂花酒,这是作者妻子去世后作者幻想其忠魂来到月球上受到神仙的招待。上一句是“问讯吴刚何所有”。
2073,【W7】,随蓝中秋百词斩-鉝貓,唯见江心秋月白,这是一曲终了时，万籁俱寂，作者看到的景象，此时，只有一轮明月照在清冷的秋江上。出自《琵琶行》。
2074,【B4】,随蓝中秋百词斩-鉝貓,半影月食,这是一种天文现象，是月亮绕地球公转过程中，通过地球半影但并未经过地球本影的一种特殊天文现象。
2075,【Y3】,随蓝中秋百词斩-鉝貓,月光光,这是一首著名的客家民谣，同时也是歌词第一句，以月亮起兴。后面的歌词是“秀才郎，骑白马，过莲塘……”。
2078,【Y5】,随蓝中秋百词斩-鉝貓,月光奏鸣曲,这篇乐章表现了曲师的幽怨感情，全称升C小调第十四钢琴奏鸣曲，曲师贝多芬。
2079,【S6】,随蓝中秋百词斩-鉝貓,水中藻荇交横,这是作者对影子的一个比喻，在月光下，树影婆娑，就像是水中的植物随波交互摇曳。
2080,【D5】,随蓝中秋百词斩-鉝貓,第谷环形山,这是月球表面最显眼的一座环形山，周围有12条辐射纹理。以丹麦天文学家第谷布拉赫命名。
2081,【S3】,随蓝中秋百词斩-鉝貓,树中秋/竖中秋,这是南方中秋节的一种风俗，即将纸扎的兔子形、杨桃形灯横挂在短竿上，再纵向挂在长杆上，高举游街或挂在高处。
2082,【B7】,随蓝中秋百词斩-鉝貓,八月十五云遮月,这是一句谚语，反映的是150天的气候规律。即如果中秋节当天是阴雨天气，那么上元节当天大概率也是阴雪天气。
2083,【F4】,随蓝中秋百词斩-鉝貓,丰镇月饼,这是晋式月饼的一种，又叫混糖月饼，其特点是将多种糖揉进面中制作月饼，而没有馅料。因为以内蒙古相关地名出产的最为有名而得名。
2085,【S2】,随蓝中秋百词斩-鉝貓,神池,这个地方以晋式月饼出名。位于山西省忻州市，名称来源于一处旱涝不沾且因Al含量过高不生动植物的泉水。
2086,【C3】,随蓝中秋百词斩-鉝貓,嫦娥石,这是一种磷酸盐矿石，组成式Ca8YFe(PO4)7，由国家航天局在月壤中发现。
2087,【B3】,随蓝中秋百词斩-鉝貓,毕星团,这是距离地球最近的疏散星团，主体位于二十八星宿中的毕月乌。距离地球130光年左右，但金牛座最亮星毕宿五不属于该星团。
2091,【Y2】,随蓝中秋百词斩-鉝貓,月晕,这是一种大气光学现象，是月光在冰晶的折射下带有的光环，常见的角度为22°，民间认为它是第二天起风的预兆。
2093,【Q7】,随蓝中秋百词斩-鉝貓,秋天漠漠向昏黑,这是杜甫在草堂居住时的一个场景，临近秋日傍晚，天色渐黑，风雨即将来临。
2094,【N5】,随蓝中秋百词斩-鉝貓,霓裳羽衣曲/霓裳羽衣舞,这首传统歌舞相传是由唐玄宗梦游月宫后听得仙乐所作，或有理论认为《婆罗门曲》改编。此曲在安史之乱后失传。
2095,【S3】,随蓝中秋百词斩-鉝貓,双合成,这是一个老字号的名字，是清朝时期位于太原的一家糕点店和位于今石家庄的一家糕点店合并而来，也因此得名。
2096,【E4】,随蓝中秋百词斩-鉝貓,二泉映月,这首曲由不断改变的同一乐句组成，使用了大量的滑音和装饰音。曲师华彦钧。是二胡9级考级曲目。
2099,【X3】,随蓝中秋百词斩-欧姆,哮天犬,这是一只古代神话中的生物，其原型为一种中国本土原产的家畜品类，常用于狩猎活动。在神话传说中这只生物由二郎神杨戬蓄养，在《封神演义》中首次得名。
2102,【Y3】,随蓝中秋百词斩-欧姆,月曜日,这是对星期一的一种称呼，现仍用于日本等地。古人认为七个天体分别对应一周的七天，且此说法亦可以与英语一一对应。比如“Sunday”对应的称呼即为“日曜日”。
2105,【W4】,随蓝中秋百词斩-欧姆,无肠公子,这是对一种甲壳类软甲纲节肢动物的雅称。这种动物是中秋节的时令美食，又有“横行霸道”的特点；该雅称则源自这一动物不具有某种器官这一特点。
2106,【L2】,随蓝中秋百词斩-欧姆/鉝貓,莲蓉,这是一种月饼的常见馅料，于清末在广州发明。它常与咸蛋黄组合出现，以甜味为主要味型，具有白中透黄的颜色。它由一种水生植物的种子制成。
2110,【R3】,随蓝中秋百词斩-欧姆,人月圆,这个词牌名同时也是曲牌名，为北宋英宗驸马王诜所创，但最初所指的节庆日并非中秋，而是元宵。它又名“青衫子”、“青衫湿”，其词曲名句分别有“黄花庭院，青灯夜雨，白发秋风。”和“年年此夜，华灯竞处，人月圆时。”
2116,【L2】,台风吧友,刘协,此人是一大国的最后一位领导人，退位后国家分裂，其中最大的政权包含了原来的核心区域。他在多年后去世，该年新政权正在和西部的另一政权战争，同一年西部政权也有一重要人物去世。
2117,【K5】,黑猫,客从何处来,这是于2014年首播的央视纪录片，是国内首档明星真人寻根、追溯家族历史的纪录片。后以该主题为启发，林展秋创作出同名歌曲，收录于2021年发行的专辑《绿》中。
2140,【Y4】,鉝貓,游牧民族,这个词泛指无固定居住场所，主要第一产业并非农耕和渔猎的民族。
2146,【D4】,鉝貓,东西湖区,这个县级行政区得名于两座湖泊，其中一座是其所在地级市最有名的湖泊，另一座和杭州著名湖泊重名
2147,【M4】,鉝貓,门头沟区,这是属于直辖市的一个市区，境内绝大多数区域都是山脉，老城区位于山间盆地，新城区拥有一条磁悬浮线路。
2148,【W4】,鉝貓,万柏林区,这个县级行政区名称含有一个外国地名，且读音与其不同。著名的太原螺旋高速桥位于该区。
2157,【T13】,台风吧友,题目念完后两分钟才能看答案,这句话是lvory经常说的一句话，是lvory的一个竞猜游戏中若在题干全部展示后一定时间内就发送公布谜底的指令就会出现这句话。（不含标点）
2158,【Z16】,鉝貓,中华人民共和国国家卫生健康委员会,这个机构是我国负责卫生健康工作的方针政策和决策部署的最高机构，前身是国家卫生和计划生育委员会。简称卫健委。
2159,【Y10】,鉝貓,右玉和她的县委书记们,由吴子牛执导，杨铮、缪婷茹、黄品沅等主演的农村题材剧，讲述的是右玉县几代群众坚持植树造林抵抗沙漠化的故事。
2161,【A3】,电阻杯吃货主题随蓝,奥利奥,这种来自美国的饼干最经典的配色是黑色饼皮配白色夹心，而其最经典的吃法是，“扭一扭，舔一舔，泡一泡”。
2164,【Y3】,电阻杯吃货主题随蓝,鹰嘴豆,这种近年来逐渐进入中国大众视野的豆科植物原产于西亚与地中海一带，经常用于中东菜，其酱称为胡姆斯。其因种子上有一个小小的尖端，酷似鸟类的喙，因此得名。
2165,【W2】,电阻杯吃货主题随蓝,鲔鱼,这种海洋生物以游泳速度极快闻名，它的肉色为红色，富含肌红蛋白，营养丰富。其蓝鳍品种极为名贵。它拥有吞拿鱼、金枪鱼等别名。
2167,【D3】,电阻杯吃货主题随蓝,电饼铛,这是一种烹制食物的现代工具，可以用来煎制面食，具有单面加热与双面加热的功能。
2169,【W2】,电阻杯吃货主题随蓝,五常,这个位于东北的县级市以盛产优质大米知名。这个词语还可以指三国时期马家以才名著称的兄弟、儒家的伦理标准与联合国安委会常任理事国。
2170,【D3】,电阻杯吃货主题随蓝,大吉岭,这一世界上著名的红茶产区位于印度，此地所出产的茶茶香浓郁，风味独特，与中国祁门红茶、斯里兰卡乌瓦锡兰红茶并称为世界三大红茶。
2171,【K3】,电阻杯吃货主题随蓝,开心果,这是黄连木属植物阿月浑子的商品名。作为世界四大干果之一，它在国内主要栽培于新疆。它白色的壳里绿色或黄色的果仁具有独特的风味。
2173,【Y2】,电阻杯吃货主题随蓝,贻贝,这种壳呈黑褐色，雌雄性肉色不同的双壳类软体动物在不同地方拥有不同的名字。在北方一般被称为海虹，在南方一般被称为青口，其干制品被称为淡菜。
2175,【M3】,电阻杯吃货主题随蓝,木姜子,一种樟科植物，盛产于中国南方，其种子富含芳香油，可作为中药与调味品使用。其油具有强烈的香辛味，贵州名菜“酸汤鱼”中使用了这一调料。
2176,【B2】,电阻杯吃货主题随蓝,冰糖,这是人们对于一种日常调味品的大块结晶的称呼，传统观点中人们认为它的品质优于散装的末状小结晶。常常用于炖制雪梨、烹制红烧肉等。
2177,【G4】,电阻杯吃货主题随蓝,谷氨酸钠,这种引发了人们味觉革命的化学物质自诞生以来就争议不断，但它本来就天然存在于海带等食物中，是一种蛋白质组成部分的盐类化合物。现代工业中常常用谷物发酵的天然方式制取它。
2178,【L4】,电阻杯吃货主题随蓝,陆绩怀橘,这个典故与汉末三国时期一位名士的孝行有关。他在小时候赴宴，在宴席上偷偷拿了一些果品回家送给母亲，使得宴会的主人袁术大为惊奇。
2179,【H3】,电阻杯吃货主题随蓝,哈瓦那,这是某个国家的首都，我国曾在该国遭受封锁的时候与该国签下了每年进口食糖的协议。有一首歌唱两国友谊的歌曲曲名中带有这一城市名，其中有一句是，“跟着那英雄的卡斯特罗”。
2181,【D3】,电阻杯吃货主题随蓝,大排档,这是一种小吃店或平价饭店的经营模式，本意是夜间开设在路边或居民生活区附近的聚集排列的小吃摊。后来这个词成为廉价、有烟火气的美食的代名词。
2183,【F3】,电阻杯吃货主题随蓝,伏特加,这种酒被戏称为“生命之水”，是俄罗斯最具知名度的物产之一。它是以谷物或马铃薯为原料，经过蒸馏制成的一种烈酒，无色、清淡而有火焰般的刺激。
2185,【C3】,电阻杯吃货主题随蓝,臭鳜鱼,这道菜在徽菜与湘菜之间都有出现，但做法与口味却有一定差异。其原料为一种经过腌制发酵的鱼，肉质色泽鲜红，以闻着臭，吃着香著称。
2186,【S2】,电阻杯吃货主题随蓝,鲥鱼,这种珍稀的淡水鱼因其味道极其鲜美已经趋于灭绝。其鱼鳞下有丰厚的脂肪层，因而往往留鳞烹饪，但其刺多，因而被张爱玲列入“人生三恨”之一。
2188,【N4】,电阻杯吃货主题随蓝,浓油赤酱,这个俗语常常用来形容上海本帮菜的调味方式。它使得本帮菜色浓味厚、甜中带咸、油而不腻，几乎成了本帮菜的代名词。
2189,【C1】,电阻杯吃货主题随蓝,汆,这个汉字指的是一种烹饪方式，其造字方法为“会意”。其含义为将食物放在沸水中短暂烹饪，断生即取出以免过熟。
2190,【M3】,电阻杯吃货主题随蓝,麦满分,这是西式快餐店麦当劳的一款早餐餐品，后两个字巧妙地音译于“玛芬蛋糕”muffin，表现出早餐给人带来100分的能量与好心情。
2192,【G2】,电阻杯吃货主题随蓝,瓜代,这个典故词语的意思是官吏任职期满由他人接替。在典故故事中，官吏任期满的时候恰好是某种蔬菜成熟的时间。
2193,【K2】,电阻杯吃货主题随蓝,昆布,这是一种海带目的生物，又称鹅掌菜，在中国的海域广泛分布；日本则用这个词汇作为海带目生物的泛称。著名的日式汤料“出汁”用到了这一调料。
2196,【A4】,电阻杯吃货主题随蓝,阿拉比卡,这是全世界产量最高的咖啡品种，又名小果咖啡。它原产于非洲，由阿拉伯人制成咖啡饮料并传入欧洲，因此得名。
2197,【J3】,电阻杯吃货主题随蓝,鸡头米,这是一种睡莲科水生植物的种子的俗称，该种子作为一种时令食材盛产于江南地区的夏季，食药两用。这一俗称因为该植物花如鸡冠而得名，其中文正名为芡实。
2199,【Y3】,电阻杯吃货主题随蓝,伊甸园,这个存在于神话传说中的地点是世界上最著名的苹果产地，在基督教的故事中，这个地方是上帝为亚当和夏娃建造的乐园。
2201,【X3】,电阻杯吃货主题随蓝,香辛料,这一经常在食物配料表中出现的词汇实际上是许多调味品的统称，这些调味品一般用来给食物提供独特的香气或辣味、麻味等。
2202,【D3】,电阻杯吃货主题随蓝,东坡羹,这是苏轼发明的一种食物，其自述：“不用鱼、肉、五味，有自然之甘。”其用萝卜、白菜、蔓菁、荠菜等加入米炖煮而成，又名“蔓菁芦菔羹”。
2204,【Z2】,电阻杯吃货主题随蓝,专诸,这位春秋时期人物拥有多项专业技能，既是烤鱼高手，又是一名刺客。他使用一把著名的武器——鱼肠剑刺杀了吴王僚。
2205,【D2】,电阻杯吃货主题随蓝,鼎沸,这个出自《上林赋》的词语形容水涌流翻腾的样子，比喻形势纷扰动乱。其中出现了一种先秦时期常见的食器，该食器可以作为国家政权的象征。
2206,【N3】,电阻杯吃货主题随蓝,牛磺酸,这种人体健康所需的营养素的名称中，第二个字不属于“8105”。它常常作为运动饮料的添加剂使用，最早发现于公牛胆汁，并且含有硫元素。
2208,【P4】,电阻杯吃货主题随蓝,郫县豆瓣,这个汉听原词是中国地理标志产品，是中国顶尖调味料之一。它的原产地是现四川省成都市的某区，在川菜中广泛运用，被誉为川菜的灵魂所在。
2209,【J3】,电阻杯吃货主题随蓝,居酒屋,这是一种起源自日本江户时代的小餐馆，提供一些日式饮料与简单的菜肴，供客人小酌。它在日本价格大众化，却在中国价格高于一般的日料店。
2211,【L1】,电阻杯吃货主题随蓝,来,这个汉字的本意是小麦，其甲骨文亦是小麦的象形。它后来的常用含义更是小麦这种谷物由外方传入的旁证，即“由彼至此；由远到近”。
2212,【L2】,电阻杯吃货主题随蓝,酪奴,这个词语表示在唐代以前，饮茶并未成为一代风尚。在南北朝时不同饮品的比较中，茶只配给乳饮品做仆役罢了。后来这个词也变成了茶饮的别称。
2213,【W2】,电阻杯吃货主题随蓝,五仁,这种馅料的传统点心已经不符合大多数现代人的口味，却仍然作为几乎是最常见且廉价的节令食品售卖。它的组成有不同版本，最传统的版本是：杏仁，核桃仁，瓜子仁，松子仁，榄仁。
2214,【L2】,电阻杯吃货主题随蓝,刘庸,这位视频制作者以品尝印度街头美食，饮用芦荟汁、恒河水出名，他用东北口音说出的“干净又卫生”已经成为知名网络梗。
2215,【W4】,电阻杯吃货主题随蓝,五谷不分,这句出自《论语》的话常常用来指责人脱离生产实践，缺乏常识，就连人们生活中必须的几种主要粮食都无法分辨。
2217,【M2】,电阻杯吃货主题随蓝,米芾,这位著名书法家的姓是一种食物。他的书画独具风格特点，成就以行书为最大，因而被列为“宋四家”之一。
2219,【L3】,电阻杯吃货主题随蓝,腊八蒜,这种节日特色食品一般制作于农历十二月，与一个佛教节日有关。它虽然拥有颇为黑暗的蓝色外表，却酸甜可口，可以用来搭配饺子食用。
2220,【X2】,电阻杯吃货主题随蓝,盱眙,这个江苏省的县保留了秦代郡县制的古名，因而相对生僻。现代此地以盛产优质小龙虾闻名。此地属于淮安市，濒临洪泽湖，是据说为朱元璋的出生地。
2223,【Z3】,电阻杯吃货主题随蓝,钟薛高,这个品牌是“雪糕刺客”的代名词，以瓦片状的冰激凌为主要产品。其品牌名由三个姓构成，寓意为“中国的雪糕”。
2224,【Q2】,电阻杯吃货主题随蓝,荞麦,不同于大多数常见的谷物，这种谷物属于蓼科而非禾本科。它口感粗糙，属于粗粮，在中国古代是贫苦人家的食物，但在传入日本后却大受欢迎。在日本这种谷物制作的面条呈淡褐色，几乎可以说是国民美食。
2227,【D1】,电阻杯吃货主题随蓝,豆,这种盛行于商周时期的食器成为了后世的礼器。它形似高足盘，一般用来盛装肉食。它的名字也是象形字。但后世这个字一般用来指古代的“菽”。
2228,【F4】,电阻杯吃货主题随蓝,仿膳饭庄,这所位于北京市北海公园的餐厅曾经因为复刻宫廷菜式名噪一时，但现在已经断了传承，沦为一般的价高质低的景区餐厅。
2229,【S1】,电阻杯吃货主题随蓝,菘,这个汉字指的是大白菜的祖先，南齐的周颙盛赞其美味，并将其与“春初早韭”相提并论。
2230,【S3】,电阻杯吃货主题随蓝,烧尾宴,这是唐代著名的筵席风尚，相传起源于韦巨源，后世常用来指士人新官上任或官员升迁，招待前来恭贺的亲朋同僚的筵席。它的名字与鱼跃龙门的典故有关。
2231,【X4】,电阻杯吃货主题随蓝,新奥尔良,这座美国南部的城市盛行一种名为“卡真”（cajun）的辣椒酱。这种酱料经过一些演变，作为烤翅酱料，以这座城市命名后，盛行于中国。你可以在肯德基吃到这种烤翅。
2232,【B4】,电阻杯吃货主题随蓝,鲍鱼之肆,这个词语比喻小人与恶人聚集之地，若常常与他们相处可能被同化。它的本意是指卖咸鱼的店铺。
2233,【J3】,电阻杯吃货主题随蓝,见手青,这是一类原产于云南的鲜美野生菌，其学名内含有一种动物的名字。因为其伤面氧化后往往呈现青绿色，因而得名。
2234,【S2】,电阻杯吃货主题随蓝,束脩,这个词语一般用来表示入学敬师的礼物，后来成为学生致送教师的酬金。其本义是指捆在一起的十条干肉。
2238,【K2】,电阻杯吃货主题随蓝,可颂,这是对一种法式面包——牛角面包的音译，它口感独特，内部蓬松，有大气泡，可以用来夹火腿等食用。
2240,【Y4】,电阻杯吃货主题随蓝,饮食男女,这一李安执导的中国电影名字取自《礼记》，本意是指人类的基本欲望，也是人类得以生存与代际传承的基本因素。
2242,【C3】,电阻杯吃货主题随蓝,长相思,这个词语既是乐府旧题，又是词牌名、曲牌名，也是一种葡萄酒的名称。作为词牌，它是双调三十六字，三平韵，一叠韵，每阕的第一句与第二句都是三个字。
2243,【R2】,电阻杯吃货主题随蓝,染指,这个词语的典源是指用手蘸食一种独特的食物——鼋羹，现在多指谋取、分取利益，尤其是非分的利益。
2244,【Y2】,电阻杯吃货主题随蓝,郓哥,这位《水浒传》中的配角活跃于武松的故事中，并且出现在了回目里。他是一位卖梨小贩，为出一口气协助武大郎捉奸，并为武松提供了关键证据。
2250,【G4】,鉝貓,孤独摇滚,这是改编自芳文社连载漫画的一部动画，讲述的是吉他才能出众但有严重社交恐惧症的女高中生后藤一里加入摇滚乐队并逐步成长的故事。
2251,【Y2】,电阻杯吃货主题随蓝,椰枣,这是一种经济作物的果实，在国内引种于干热地区，原产于西亚和北非。该果实早在苏美尔人时代即有种植，伊拉克该果实的产量占世界1/3。
2252,【F3】,电阻杯吃货主题随蓝,粉蒸肉,这是谜语“牧猪人亦有六朝烟水气”的谜底，本意为一种肉类菜肴，发源于江西，以菜叶做垫，肉上洒炒米粉，由荷叶饼夹食，又名“米粉肉”。
2253,【Z2】,电阻杯吃货主题随蓝,周鲂,这位三国时期吴国人物的名字是一种美味的鱼，与“赪尾”有关。他是传说中“除三害”的周处的父亲。
2254,【M4】,电阻杯吃货主题随蓝,蚂蚁上树,一道菜和一种雪糕共享了这个名字，而这个名字原意是指自然界中一种昆虫的行为。作为雪糕，它具有巧克力外壳与蛋黄口味的内芯；作为菜，它实际上是肉末烧粉条的别名。
2255,【J3】,电阻杯吃货主题随蓝,君迁子,这是一种柿属果实，据说为曾子的父亲曾皙所嗜，又名软枣、黑枣、羊枣等。其学名最早源于左思《吴都赋》中“平仲桾櫏”句。
2259,【B3】,电阻杯吃货主题随蓝,菠菜面,这种陕西特色的面食出现在黑撒乐队的《陕西美食》中，是一种独具风味的面食。由于使用了一种蔬菜汁染色，它呈现出独具特色的绿色。
2260,【A5】,电阻杯吃货主题随蓝,黯然销魂饭,这道常见于港式茶餐厅的主食得名于一部周星驰电影《食神》。它的名字则取自我国古代著名辞赋家江淹的《别赋》。
2262,【C4】,电阻杯吃货主题随蓝,赤藓糖醇,这种天然代糖广泛存在于自然界，其热量很低、不易吸收、甜度不高，多用于饮品添加。近几年火热的饮品“元气森林”就以添加这种成分代替糖为卖点。
2265,【J3】,电阻杯吃货主题随蓝,假酸浆,这种茄科植物的种子是一道火锅店必备甜品——冰粉的原料，将它的种子放入纱布袋中浸入水里搓制，即成冰粉。它的近亲菇茑果的学名比它少一字。
2268,【Q2】,电阻杯吃货主题随蓝,茄科,这是一类植物的统称，名菜“地三鲜”的三种主要食材都属于这一分类等级。此外，龙葵、西红柿等植物也属于该科。
2269,【D5】,电阻杯吃货主题随蓝,端午的鸭蛋,这一篇课文选自汪曾祺所作的一篇散文，讲叙了作者家乡农历五月的一些风俗与食俗。而他的老家高邮即以文章标题所出现的一种物产知名。
2270,【S3】,电阻杯吃货主题随蓝,赛百味,这是起源自美国的一家三明治连锁品牌的中文译名，是世界第一大单一品牌快餐特许经营连锁机构。它得名于美式英语的“地铁”一词。
2271,【F3】,电阻杯吃货主题随蓝,范仲淹,这位北宋文学家小时候家里很穷，但他刻苦读书，租住在僧舍，每顿只吃两块凝结的粥，就着一些咸菜，就这样苦读了三年。《岳阳楼记》出于他的手笔。
2272,【L5】,电阻杯吃货主题随蓝,莲子心中苦,这是一副对联的上联，传说出自金圣叹之手。它巧妙利用了谐音与双关的手法，表达自己与孩儿分别的惨痛心情。其下联是，梨儿腹内酸。
2273,【J2】,电阻杯吃货主题随蓝,鸡黍,这个词语表示招待客人的食物，最早用来招待子路。后来因为范式与张劭的友情，它称为友谊深厚守信的典实。词语中一字代表谷物，其原产于中国，一字代表肉类，是最常见的禽类肉食。
2274,【Z2】,电阻杯吃货主题随蓝,朱富,这位《水浒传》中的地煞好汉曾经经营着一爿酒店，后来用蒙汗药麻翻了李云等人，救下了李逵，并因此上山。他在山上有个哥哥，旱地忽律朱贵。
2277,【Z4】,电阻杯吃货主题随蓝,珠颈斑鸠,这种鸟是鸽子的近亲，也常常会成为都市常见猛禽红隼的美餐。它因为脖子上独特的白点状花纹而得名。
2278,【T3】,电阻杯吃货主题随蓝,甜不辣,这种食物名称源于对日语的音译，而日语名称又是葡萄牙语的音译。它在中文语境下是一种长条状的鱼糕，通常在关东煮、麻辣烫、火锅等美食中出现。其名字的字面意义很好地描述了它的味道。
2279,【Z3】,电阻杯吃货主题随蓝,猪下水,这类食物是谜语“八戒洗澡”的谜底，本意是指一种家畜的各类内脏器官的统称，因其独特的风味与质感得到众多拥趸。
2280,【B3】,电阻杯吃货主题随蓝,百里香,这种欧洲烹饪常用香草的英语发音与“时间”（time）谐音。它的名字意指它具有远播的迷人芬芳，传说中由海伦王后的眼泪化成。一种弱酸碱指示剂由这种植物命名。
2284,【L2】,电阻杯吃货主题随蓝,泸州,以这座城市命名的白酒行销全国，被誉为“酒中泰斗”，因而这座位于四川省的城市有“酒城”之名。此城是国家历史名城，古称“江阳”。
2285,【Z5】,电阻杯吃货主题随蓝,早乙女哲哉,这位日本料理职人以天妇罗闻名，他从十几岁从事餐饮行业以来已经炸制了五十余年天妇罗，被誉为“天妇罗仙人”，与“寿司之神”小野二郎齐名。
2286,【S2】,电阻杯吃货主题随蓝,山葵,这是一种原产于中国和日本的十字花科植物，其根状茎磨成粉，会产生特殊芳香的辛辣味，英文名为wasabi。它常常被更廉价且味道更冲的辣根、青芥辣所鱼目混珠。
2287,【T3】,电阻杯吃货主题随蓝,铜锣烧,这种来自日本的点心因为一档动漫闻名。它由两片香甜的饼皮中间夹红豆沙制成，形状像一种中国的传统乐器。它也是哆啦A梦最喜欢的食物。
2288,【X4】,电阻杯吃货主题随蓝,小铫梨汤,这种北京秋冬季节传统饮品第二个字常常被讹用为“吊”。该字本义为一种小锅。这种以水果为主料的饮品具有清咽润肺的功效。
2290,【F4】,电阻杯吃货主题随蓝,分子料理,这是一类现代烹饪技术与以此种技术得到的美食产品的统称。它指的是使用现代的物理、化学方法来烹饪食品，重组食物的微观结构，从而制作出与原料本身质感迥然不同的食品。
2291,【C2】,电阻杯吃货主题随蓝,杵臼,这个词语是春秋战国时期常用人名，它的本意是当时两种组合使用的生活必备工具，常常用来舂捣粮食或药物等。
2292,【Q3】,电阻杯吃货主题随蓝,秋刀鱼,这是周杰伦的一首音乐作品《七里香》中出现的一种食物，是秋季的时令美食，其体型修长，因此得名。
2293,【C2】,电阻杯吃货主题随蓝,糍粑,这是一种由糯米饭蒸熟后捣制的食品，以粘糯而有韧劲的口感为佳。炸制后搭配红糖的它是重庆火锅店的标配甜品。
2294,【L2】,电阻杯吃货主题随蓝,芦笋,这是一种蔬菜，属于天门冬科，原产于地中海东岸。它的食用部位为其嫩茎，味道清香味苦，上端较嫩，下端有纤维感。因不见光而白花的这种蔬菜在欧洲被誉为蔬菜之王。
2295,【M3】,电阻杯吃货主题随蓝,梅干菜,这是浙江一带盛产的一种腌制食品，其名称与江南地区每年六七月的高湿天气有关。它常常用来制作扣肉。
2296,【G4】,电阻杯吃货主题随蓝,琯溪蜜柚,这一水果品种是福建省漳州市的地理标志保护产品，果皮颜色在柠檬黄与橙黄之间，果肉洁白如玉，清甜微酸，另有红肉品种。这种水果一般皮比柑橘要厚，吃果肉时如果不将筋膜去净，可能会有微苦的口感。
2297,【W3】,电阻杯吃货主题随蓝,威士忌,这是一种诞生于苏格兰地区的烈酒，由大麦等谷物酿制，酒体呈金黄色，具有独特的风味。只有在橡木桶中陈酿三年以上的大麦酒才配拥有这一名字。
2298,【M2】,电阻杯吃货主题随蓝,馒头,这一名称既可以用来称呼北方的面食主食，也可以用来描述日本的甜馅小点心，但它本意是指以肉为馅的包子，传说中由诸葛亮发明，代替人的首级来祭祀神明。
2300,【X3】,电阻杯吃货主题随蓝,小笼包,这种可以作为中华文化标志之一的食物起源于江浙一带，是一种世界知名的面点。其中嵊州流派的这种食物开遍大街小巷并冠以“杭州”之名。
2301,【B4】,电阻杯吃货主题随蓝,冰糖葫芦,这种中国传统小吃的名字由它的原料之一与它的形状组成，后者作为一种植物名不被用于这种食物的制作。这种小吃常见于北方冬天，常用山楂制作，也会使用山药蛋、圣女果等。
2306,【L3】,电阻杯吃货主题随蓝,罗宋汤,这道菜品中包含了其起源国家的一种音译，是“海派西餐”的代表之一，最早源于“红菜汤”，但将甜菜换成了中国更易取得的西红柿。
2308,【H5】,电阻杯吃货主题随蓝,黄焖鸡米饭,这一道起源于济南的鲁菜在贵州发展出了一种新的流派。它的传统口味加盟店创始人叫杨铭宇，曾经如同沙县小吃一般开遍大街小巷，现已风光不再。
2309,【Q3】,电阻杯吃货主题随蓝,全聚德,这家位于北京的中华老字号曾经是北京烤鸭的代名词，但却因为分店水平参差不齐，在食客心中早已跌落神坛。它的名字可以作为申请季一无所获的代称。
2310,【L4】,电阻杯吃货主题随蓝,鲤鱼焙面,这道河南名菜出自一道名为“糖醋熘鱼”的菜，因为河南盛产黄河鱼，同时主食以面食为主，将二者巧妙结合即成此菜。
2311,【H3】,电阻杯吃货主题随蓝,和菓子,这是日本对于日式点心的统称，以麻薯、年糕、羊羹、大福等最为常见，多用红豆做馅料。其造型精致，好玩好吃。
2312,【H2】,电阻杯吃货主题随蓝,红曲,这是一种中国传统的天然染色剂，由一种曲霉科真菌对粳米发酵之后制成。王致和豆腐乳使用了它进行染色。
2314,【J5】,电阻杯吃货主题随蓝,煎饼卷大葱,这种食物是人们对于山东省的刻板印象之一，实际主要盛行于山东西部，由一种具有韧性的杂粮主食包裹甜面酱与大葱制成。
2315,【Z2】,电阻杯吃货主题随蓝,蒸馏,这是一种纯化液体的重要实验方法与工业流程，人们在掌握这一技术之前几乎无法酿造烈酒。用这种方法纯化水可以去除其中的离子。
2316,【H3】,电阻杯吃货主题随蓝,海龟汤,这种貌似是一种食物的情境模拟推理游戏具有很高的热度，出题者提出一个难以理解的事件，参与猜题者可以提出任何问题以试图缩小范围并找出事件背后真正的原因，但出题者仅能则以“是（对）”、“不是（不对）”或“没有关系”来回答问题。
2317,【J2】,电阻杯吃货主题随蓝,酒泉,这座城市是“河西四镇”之一，是丝绸之路的重镇，有位唐代名人想要“移封”于此。该城因为有甘美如醴的地下水而得名。
2319,【L2】,鉝貓,蓝调,这是一种音乐风格，起源于美国黑人的劳动歌曲。风格忧郁，和声奇特。英文blues。
2320,【H2】,鉝貓,浩室,这是一种电子音乐风格，起源于上世纪后期美国舞厅disco混音，并融合其它音乐风格发展出了多种不同类型。其中文名是音译兼意译自英语“house”。
2322,【D2】,甩尸名,稻妻,这是一个日语词汇，描述的是一种自然现象。古人发现，在经常打雷的地方，庄稼的收成往往特别好。人们认为那是闪电和水稻交合所致。因此用这个词表示闪电。
2323,【K2】,台风吧友,卡农,这是一种音乐谱曲方式，有时也专指某一首特定的乐曲。几个声部的旋律相同但在时间上先后依次出现，造成此起彼伏、连绵不断的效果。
2330,【S3】,鉝貓,事业线,这是手掌纹路的一条，完整纹路一般纵贯手掌中轴。迷信认为它和命途有关，又叫命运线，是手掌上第四明显的纹路。
2332,【F3】,卢碧,弗雷迪,这是澳洲海域的一个热带气旋名称的中文译名，该气旋名称一共被使用了两次。其中，2023年的热带气旋寿命极长，从澳洲西部海域西行并横跨南印度洋，一共经历了35天，是有气象记录以来全球最长寿，累积气旋能量指数最高的热带气旋。
2333,【J4】,卢碧,九转大肠,这是传统鲁菜，以猪大肠为主料，加以葱、姜等通过一系列烹饪技法制作而成。在东方卫视播出的一档综艺节目中，一位选手制作了这道菜，并以“故意保留大肠原本的味道”将其带红。
2335,【Y3】,卢碧,易北河,这是一条位于欧洲的河流，发源于捷波两国边境附近，约三分之一的部分流经捷克，三分之二流经德国，全长1165公里，是中欧主要航运水道之一。
2344,【X3】,卢碧,希腊火,这是由拜占庭帝国发明的一种古老的战争武器，用于在战争中防御城墙、船只和军队。它是一种可燃性液体，可以被喷射或投掷，而且难以熄灭，能够在水上燃烧，并可以伸展到数百米之远。
2345,【M2】,卢碧,猫娘,这是一种常常出现在动漫、游戏等作品中的虚构形象，在二次元文化中具有很高的人气度。她们的外貌和身体保留了人类的特征，但是拥有猫一样的耳朵、尾巴和行为习惯。
2346,【Y2】,WAHX,云间,上海地区古代的一个雅称，因西晋文学家陆云对客自称而得名。
2347,【H4】,WAHX,黄赤交角,地球自转平面和公转平面的夹角，大约为23度26分。
2348,【E4】,卢碧,额济纳旗,这座城市是当今世界现存的唯一一座以党项语命名的城市，也是著名的中国酒泉卫星发射中心的所在地。
2349,【S5】,WAHX,三十六字母/三十六声母,宋朝韵图上用来代表中古汉语的声类的字母系统。该系统和《切韵》的声类体系相吻合，但忽略了《切韵》一些重要的声类。
2351,【D3】,WAHX,搭嘴音,又称“喌音”，是发音方法的一种，泛指口腔内任何一个发声部位发出的一种吸气声音，主要出现在非洲的科依桑语系、班图语族的祖鲁语、科萨语。
2352,【G4】,WAHX,孤立语言,一般指与其他任何语言不存在亲属关系的自然语言，无法分类到任何已知公认语系中，著名例子有巴斯克语、布鲁夏斯基语、阿伊努语、苏美尔语等。
2354,【X2】,甩尸名,忻州,这个地级市名字第二个字是州，是所在省面积最大的城市，它位于省份偏北，将整个省横断为南北两部分，省内在它以北有两个地级市，加起来面积还不如它大，其中西边的那个名字里也有州字，东边那个名字有积极寓意。这个市西部与两个省级行政区相邻。
2355,【N5】,卢碧,年度小会员,某粉色网站在愚人节时会把粉色的大会员标志更换为绿色的小会员标志。
2356,【F7】,卢碧,非甾体类抗炎药,这是一类药物的统称，一般具有解热、抗炎、镇痛的作用。这类药物在2022年底时需求量一度飙升。
2358,【M2】,卢碧,芒果/杧果,这种水果原产于印度及东南亚，我国岭南各省均有栽培。成熟的果皮果肉通常金黄色，部分人群对其过敏。其汁多味甜，经常被加入各式甜点中，是杨枝甘露的主要原料。
2359,【N2】,卢碧,疟疾,这是一种寄生虫病，表现为周期性高热，故又名“冷热病”。其病原体主要通过蚊子传播。我国科学家因发现了它的有效药物而获得了诺贝尔奖。
2360,【C3】,卢碧,川崎病,这种儿童风湿免疫性疾病由一名日本医生发现，并以他的姓氏命名。患儿表现为发热、皮疹、淋巴结肿大，结膜充血，杨梅舌等，最危险的并发症是冠状动脉瘤。
2361,【T3】,卢碧,艇仔粥,这是一种起源于广州的传统粤式小吃，做法是将粘稠的白粥配以新鲜的鱼虾以及各种佐料混合熬煮。由于旧时珠三角一带有生活在水上的船民在小艇上专门供应这种粥，故得名。
2362,【Z2】,卢碧,子夏,他是孔子的弟子，为儒家学说的传播做了重要贡献。孔子曾赞扬他启发了自己，告诫他做一名“君子儒”，并认为他长于“文学”。
2363,【Q2】,卢碧,晴雯,这是《红楼梦》中的人物，她风流灵巧，心直口快，曾带病为宝玉修补一件名贵的衣物。她不幸病故后，宝玉作了一篇祭文祭奠她。她的判词中有“霁月难逢，彩云易散”。
2365,【R3】,卢碧,阮郎归,这是一个词牌名，该词牌名中包含了一个人名。词牌格律以李煜的词为正体，双调，一共四十七字，又名“碧桃春”，“宴桃源”，“濯缨曲”等。其中比较著名的词句有晏几道的“天边金掌露成霜。云随雁字长”。
2372,【B4】,端木,白井智之,这是一位日本推理小说家，以设定系，重口，鬼畜闻名，作品均以真实故事作为背景。成名作有《晚安人面疮》，《东京结合人间》等。他的新作获得了2022年本格推理Best10第一名。
2373,【B4】,端木,百人一首,这是一部作品集，它汇集了日本700年中的100首和歌，是最广为流传的和歌集，编者是藤原定家。
2375,【X2】,六级,小品,这是一种常见的艺术表演形式，是一种如今非常常见的娱乐大众电视节目内容。有一位姓郭的艺人在春晚上表演并十分出名。泛指较短的关于说和演的艺术，一般幽默诙谐，贴近生活。
2380,【B10】,鉝貓,不知口体之奉不若人也,这句话的意思是一个专心读书的人不会觉得吃穿不如人是一件值得在意的事情。出自《送东阳马生序》。
2390,【G2】,鉝貓,甘南,这个地级行政区是一个藏族自治州，位于我国南北西北青藏四个地理区域的交界处。它以省份简称+地理位置得名。
2391,【B2】,电阻杯主题公园,槟榔,这种具有微成瘾性的植物曾经被当做药品，现在中国南方部分地区、东南亚等地依然有嚼食它的习惯。然而这一习惯具有强烈的口腔癌风险，它也因此被列为一级致癌物。
2393,【A3】,电阻杯主题公园,鹌鹑蛋,这是一种被广泛养殖的小型鸟类的卵，营养成分与鸡蛋接近，物美价廉，常用于麻辣烫、火锅等食物。
2394,【T3】,电阻杯主题公园,糖瓜粘,这是一首与过年相关的民谣中的一句，它描绘了一种年前某日需要准备的节日食物，由麦芽糖制成，传说灶君吃下它之后嘴里说出的就是甜言蜜语了。
2396,【D4】,电阻杯主题公园,刀耕火种,这是一种粗放的农业生产形式，是农业技术原始、生产力低下的表现。大量砍伐、放火烧荒的行为会造成严重的生态破坏。
2397,【W3】,电阻杯主题公园,瓦罐汤,这是吃辣大省江西的一道不辣的菜，其构词方法类似于“甑糕”。老火煨制的它味道丰厚美好。
2399,【P2】,电阻杯主题公园,彭越,这是一位秦汉时期人物，传说中他负屈含冤而死，其肉进入河流，化为一种小螃蟹，名为“蟛蜞”。
2400,【D4】,电阻杯主题公园,地狱厨房,这是世界级厨神戈登•拉姆齐拥有的餐厅之一，也是他所主持的一档厨艺综艺节目之名。他在这档节目中以毫不留情的严厉态度闻名，即使使用詈语也毫无顾忌，无愧于其“地狱”之名。
2401,【M3】,电阻杯主题公园,莫吉托,这是一种起源于古巴的鸡尾酒，以朗姆为基酒，加入青柠、苏打与薄荷调制而成。周杰伦有以此为名的歌曲。
2402,【F2】,电阻杯主题公园,发菜,这种蔬菜实际上是一种生长在沙漠与贫瘠土壤的蓝藻，因为其名字与吉利的祝福语谐音受到人们热捧，对其进行的采挖已对我国的草原造成了严重的损害。
2403,【S2】,电阻杯主题公园,生煎,这是一种盛行于江南地区的面点，在上海尤为流行。它底部金黄，圆圆鼓鼓，上撒芝麻葱花，内包鲜甜美味的猪肉馅心，是一种物美价廉的特色食品。
2405,【Q2】,电阻杯主题公园,千张,这种豆制品一般呈扁平状，颜色黄白，上有布状花纹。它在北方叫作干豆腐，在江苏叫作百页，而Q2这个名字与“百页”异曲同工。
2406,【X1】,电阻杯主题公园,饧,这个汉字指的是一种源于中华的传统美食，在一休的故事中也有出现。它由谷芽或麦芽熬制而成，是古人少有的甜味剂之一，又叫糖稀。它的另一个含义俗字作“醒”，组词为“醒面”。
2407,【J2】,电阻杯主题公园,藠头,这是一种主要食用部位为其鳞茎的中国本土植物。它主要栽培于长江以南，一般腌制食用。古书中的“薤”即为这种植物，而它的现代名称中第一个字的一部分是叠字。
2410,【Y5】,电阻杯主题公园,右手一只鸭,这句民歌歌词中出现了一种农村常见的水禽，表现出丰富可爱的农村生活趣味。它出自邓丽君演唱的《小媳妇回娘家》，上一句是，“左手一只鸡”。
2411,【S3】,电阻杯主题公园,十三香,这是一种产于中国的复合香料，用质数种草药磨粉混合而成。一个著名的生产该香料的品牌是“王守义”。
2412,【H2】,电阻杯主题公园,海萤,这是一种生活在海里的甲壳纲浮游生物，它们的身体内含有发光腺，受海浪拍打等刺激时，就会产生荧光，因具有萤火虫的部分特点而得名。中国台、闽沿海一带的“蓝眼泪”便是其中一种。
2423,【Y8】,电阻杯主题公园,原来姹紫嫣红开遍,这句元曲被引用于《红楼梦》，小戏班演唱时被林黛玉听到，勾起了她的身世之感。它出自《牡丹亭》，下句是“似这般都付与断井颓垣。”。
2432,【Y7】,电阻杯主题公园,庾信平生最萧瑟,这句话出自杜甫的《咏怀古迹》，感叹了其咏怀对象这位文学家多舛的命运。其以辞赋见长，于暮年写下的《哀江南赋》最为著名。
2433,【Z2】,电阻杯主题公园,章台,这是一个古代的地名，最早指楚国的一个宫殿，后来长安的一条街道也以此为名。此街道多妓馆，故在后世多为花街柳巷的代称。
2434,【S3】,电阻杯主题公园,少年行,这是一个乐府旧题，属于杂曲歌辞，多咏任侠游乐之事。王维有在该题目下的名作，描绘了年轻人拥有游侠意气，并以之为国建功立业的过程。其中名句有“纵死犹闻侠骨香”等。
2435,【Y3】,电阻杯主题公园,玉壶冰,这一典故常用来比喻高洁的精神，出自南朝文学家鲍照的作品，而王昌龄曾经使用这一典故，并希望友人能够用此回应洛阳亲友的提问。
2438,【L2】,电阻杯主题公园,李璟,这是一位在词的发展史中具有重要地位的词人，却是一位不太称职的帝王。他的词作现存较少，最著名的句子是，“细雨梦回鸡塞远，小楼吹彻玉笙寒”。
2440,【H4】,电阻杯主题公园,黑体辐射,这个物理现象与开尔文勋爵所提的“物理学的两朵乌云”之一有关，它催生了量子力学。它所指的是处于热力学平衡态的理想辐射体发出的电磁辐射。
2442,【Z2】,电阻杯主题公园,趾骨,这是布局比较复杂的一组骨的合称，位于脊椎动物的附肢末梢。健全人类一侧肢体有14或13块。这组骨在人类行走时起主要支撑作用。
2443,【H3】,电阻杯主题公园,核糖体,这是一种出现时间早于第一个生命的细胞结构，主要由RNA构成，是唯一一种在别的细胞器内也有的细胞器。
2445,【E4】,电阻杯主题公园,二氧化钛,这是一种化合物，是不溶于水的白色固体，其性质稳定、无毒、熔点很高，可以用作白色颜料，还可用于制金属钛等。
2446,【S3】,电阻杯主题公园,沙丁鱼,这是一种洄游性鱼类，盛产于大西洋。它们一般常常被用来做罐头，英语俚语中常常用它们来比喻人们拥挤的样子。
2449,【G3】,电阻杯主题公园,咕咾肉,这是一道肉类菜肴，以酸甜口的调味闻名，肉要先经过炸制后裹上酱汁，又名甜酸肉，是一道广播于海内外的粤菜。
2450,【S3】,电阻杯主题公园,三不沾/三不粘,这是一道材料简单、烹饪复杂的功夫菜，由鸡蛋、白糖、食用油等炒制而成，成品与盛器、食器与牙齿均不粘连，质感独特，以此得名。
2451,【B1】,电阻杯主题公园,变,这是唐至五代时期兴起的一种说唱文学，最早以讲述佛经故事为主，后亦包括历史故事、民间传说等。
2453,【J9】,电阻杯主题公园,举世而非之而不加沮,这句话出自《庄子·逍遥游》，用以描述其中的人物宋荣子良好的精神状态，即使所有人都非议他，他也不会感到沮丧。
2454,【X2】,电阻杯主题公园,心画,这个词语指的是书面文字，出自扬雄的《法言·问神》，本意指文学作品所反映的作者的德行、品性，后来引申至书法作品。其出处上句为，“言，心声也”。
2456,【F3】,电阻杯主题公园,冯梦龙,这是一位生活在明代中晚期的文学家，其文学成就尤以小说为著。他辑录、改写了许多通俗文学，其作品中，被称为“三言”的三部小说集尤为出名。
2457,【L3】,电阻杯主题公园,柳敬亭,这位明末清初的历史人物在《桃花扇》中有出场，黄宗羲为其写有人物传记。他是著名评话艺术家，其说书时“亡国之恨顿生，檀板之声无色”。他本姓曹，后以一种木本植物为姓。
2458,【S4】,电阻杯主题公园,世说新语,这是一本成书于南朝宋的笔记小说，主要辑录魏晋人士的言行轶事，体现他们的风骨。其编者为宗室刘义庆。
2461,【Y6】,电阻杯主题公园,逸豫可以亡身,这个欧阳修所写的名句表明了在君主专制时代君王勤政的必要性，一旦追求享乐，很可能最终身死国灭。其出自《伶官传序》，上句为，“忧劳可以兴国”。
2462,【L4】,电阻杯主题公园,罗刹海市,这是《聊斋志异》中的一个篇目，讽刺了颠倒是非美丑的社会现实。2023年歌手刀郎根据此故事改编的一首歌红遍网络。
2463,【L4】,电阻杯主题公园,六才子书,这是金圣叹所评定的数本具有极高艺术成就的书的统称，其中包括《庄子》《离骚》《史记》《杜工部集》《水浒传》与《西厢记》。
2464,【S4】,电阻杯主题公园,色不异空,这个句子出自人们最为耳熟能详的一部佛教经典：《心经》，借助描述舍利子来喻指“空性”。其上句为，“舍利子”；下句为，“空不异色”。
2465,【W5】,电阻杯主题公园,五人墓碑记,这部作品歌颂了对抗阉党恶势力的五位苏州人，他们为了保护民众安全而捐躯，合葬在一起，该作品为他们合葬处的题记。
2467,【K2】,电阻杯主题公园,窠臼,这个词语的近义词是“套路”，指很多文章可能会蹈袭的固定范式。不落在它里面，则是独有的文学创新。
2468,【T2】,电阻杯主题公园,桐城,这是安徽省的一座县级市，该地的方氏家族尤以散文闻名于世。这里更是诞生了以该城命名的散文流派，该流派的三位最重要代表人物是方苞、姚鼐与刘大櫆。
2469,【C4】,电阻杯主题公园,齿如含贝,这个句子出自古代一个描写美人的名篇，将美人的牙齿比喻成一种洁白的东西。其上句为“腰如束素”。
2471,【W6】,电阻杯主题公园,五十六个星座,这句歌词出自一首家喻户晓的中国歌曲，词作者是乔羽。该句常常因为曼德拉效应而被人记错，其下句为，“五十六枝花”。
2472,【G4】,电阻杯主题公园,歌剧魅影,这是一部音乐剧，改编自一部法国哥特式爱情小说。其音乐神秘而优美，已经被公认为经典名曲。该音乐剧的男主角为住在剧院地下迷宫的“幽灵”。
2476,【Z4】,电阻杯主题公园,椎名林檎,这是一位日本歌手、音乐家，其作品风格极其多样，吸纳百家所长，屡有神作，代表作品有《歌舞伎町的女王》《幸福论》等。她的艺名得名于一种常见水果。
2477,【P4】,电阻杯主题公园,螃蟹卡农,这个巴赫的作品被称为音乐中的回文。这首曲子里，两个声部互为镜像，同时播放，如同爬行的一种甲壳类水生动物一般，因而得名。
2481,【D4】,电阻杯主题公园,电子竞技,这是一类新的体育项目，是人与人之间的智力和体力结合的比拼。现在著名的比赛子项目有Dota、星际争霸等。
2484,【J4】,电阻杯主题公园,节奏医生,这是一款音乐游戏，它有华丽夸张的声画演出与各种视觉干扰。在游戏中，玩家扮演一名治疗者，需要按照旋律为病人的心脏除颤。
2494,【R2】,电阻杯主题公园,日柱,这是一种大气光学现象，由冰晶反射与折射阳光形成。它因其形状得名，在存在高空冰晶或地面积雪被风吹起时容易形成，呈垂直方向纵贯太阳。
2496,【Q4】,电阻杯主题公园,晴天娃娃,这是一种日本的布偶玩具，一般悬挂在屋檐上，用于祈求雨水停止，阳光高照。
2498,【H3】,电阻杯主题公园,回南天,这是一种在东南沿海冬末到春季盛行的特殊天气，多为冷空气影响结束、暖湿气流反攻北上形成，由风向得名。在其影响下，暖湿气流的大量水汽在较冷的地表、建筑物表面大量凝结，形成大量水滴或浓雾，过于潮湿。
2505,【Y4】,电阻杯主题公园,雅利安人,这是一类民族的总称，他们曾经征服印度，并且也是波斯人的先祖。他们的语言属于印欧语系印度-伊朗语族。该词语是“伊朗”这一次的语源。
2506,【L4】,电阻杯主题公园,路易十四,这是一位国王，属于法国的波旁王朝。他是一位强有力地集权的专制国王，自号太阳王，也是在世界历史中在位最久的主权国家君主。
2507,【K3】,电阻杯主题公园,卡夫卡,这个生活在奥匈帝国的人是一位保险业职员，却因其所写的具有变形荒诞的形象的小说而闻名于世。他被称为西方现代主义文学的先驱和大师。
2508,【S6】,电阻杯主题公园,神奈川冲浪里,这个事物常常被断错句。它是一幅世界知名的木版画，出自葛饰北斋之手。它以富士山为背景，描绘巨浪掀卷着渔船的样子。
2509,【C2】,电阻杯主题公园,崇祯,这是世界上被使用时间最长的年号，使用的国家却非提出该年号的国家。其表明朝鲜改奉大清为宗主国后，依然潜奉大明为正朔，并偷偷使用其最后一个年号。
2513,【M3】,电阻杯主题公园,马孔多,这座城镇得名于香蕉，它反映了拉丁美洲由香蕉种植园与跨国巨头公司带来的殖民血泪史。加西亚·马尔克斯笔下的它是《百年孤独》故事的发生地。
2514,【F6】,电阻杯主题公园,非暴力不合作,这是圣雄甘地领导的印度人民反抗英国殖民统治的一场影响深远的运动，该运动主张以和平主义的方式抵制殖民者的政府、机关、法庭、学校等。
2516,【J4】,电阻杯主题公园,机械降神,这是一个戏剧术语，现在多含有一定的贬义，指的是剧情陷入胶着，困境难以解决时，突然出现并且牵强地解决问题的存在。又译为“舞台机关送神”等。
2518,【Z3】,电阻杯主题公园,紫式部,这是日本平安时代的一位作家，本姓藤原，这一称号由其作品的女主角名字和兄长的官衔命名。她写出了世界最早的长篇小说《源氏物语》。
2519,【L4】,电阻杯主题公园,柳林风声,这是一部用英文创作的童话，其通用译名的前两个汉字代表一种户外环境。书中的四个主要角色有且只有一位在分类学上属于食肉目动物。作者为肯尼斯·格雷厄姆。
2521,【L3】,电阻杯主题公园,利维坦,这是一部政治哲学著作，该作品讨论国家的本质和作用，倾向于君主制，在西方世界产生了深远影响。其书名来源于《旧约》里的一种强大的怪兽，是国家的喻体。
2523,【C4】,电阻杯主题公园,川端康成,这是一位日本著名作家，他巧妙结合了古典与现代，善于用柔美的文学语言表达出“物哀”的文学意趣。他于1968年获诺贝尔文学奖，代表作是《雪国》。
2525,【S4】,电阻杯主题公园,十四行诗,这是一种文学体裁，曾被翻译成“商籁体”，起源于意大利，之后传布到欧洲各国。莎士比亚善于写作这一文体，其以行数得名。
2526,【B5】,电阻杯主题公园,边境牧羊犬,这是一个犬的品种，被认为是智商最高的犬类。它得名于产地——苏格兰和英格兰的交界处，且最早职能为放牧。
2527,【Y3】,电阻杯主题公园,鹦鹉赋,这是一部描写鸟类的文学作品，作者以这种鸟类自比表达其生不逢时的遭遇。他最终因狂放简傲被杀，位于汉阳的葬地即以此赋命名。
2528,【X3】,电阻杯主题公园,雪鞋猫,这是CFA承认的品种猫之一，有随年龄而凸现的重点色，且可遍布全身，但唯独后腿一般会保持白色。这种猫最早是由暹罗猫和美国短毛猫杂交产生的。
2530,【H2】,电阻杯主题公园,黄鼬,这是一种食肉目小型动物，毛皮可以做大衣、毛笔等，气味腺发达。民间常认为其会成精。冬季时常随家鼠等到人类聚居区附近活动，偶尔会袭击家禽，故有歇后语曰“没安好心”。
2532,【W4】,电阻杯主题公园,尾索动物,这是一类不算繁盛的动物类群，营底栖、固着、滤食生活，这类动物成体没有神经系统、循环系统，但有虫可以自由活动，还具有神经索。海鞘属于这类动物。
2534,【L3】,电阻杯主题公园,络新妇,这是一个日本妖怪的名字，它的形态为女人头胸与毒蜘蛛腹部结合。一种蜘蛛也以此为名，且与一种植物同音异写。
2535,【S2】,电阻杯主题公园,湿婆,这位神明兼具生殖与毁灭、创造与破坏的神格，是印度教三大主神之一。
2539,【M4】,电阻杯主题公园,摩西十诫,这是《圣经》中上帝向以色列民族颁布的律法中的首要的十条规定。其得名于向上帝接受这些律法的以色列人首领、先知摩西。
2540,【C2】,电阻杯主题公园,嘲风,这是龙生九子之一，其造型常常作为殿角的装饰。传说其胆大、好险，是鸟的化身。
2541,【T5】,电阻杯主题公园,弹簧腿杰克,这是个活跃于维多利亚时代的人物，存在于都市传说。故事中他有着包含利爪、红色眼珠等恶魔的特征，并且善于跳跃，因此得名。
2542,【B4】,电阻杯主题公园,八岐大蛇,这是日本传说中的一种著名妖怪，它每年要吃一个女孩作为献祭，但最终被须佐之男设计以酒灌醉后斩杀。其尾部有一把神剑，“天丛云剑”。
2544,【P4】,电阻杯主题公园,毗沙门天,这位神明是托塔天王李靖的原型之一，作为佛教护法神的他又被意译为多闻天王。
2545,【A5】,电阻杯主题公园,阿尔忒弥斯,这是一位古希腊的女神，位列十二主神，是古希腊人祭祀最多的神祇之一。作为一个处女神，她主要司掌接生、狩猎等。
2546,【F2】,电阻杯主题公园,酆都,这是个中国传说中的地点，曾经被附会于重庆市的一个县。实际在民间信仰中该地点是地府的所在处，有洞天六宫，为鬼神治事之所。
2548,【Y4】,电阻杯主题公园,伊藤润二,这是一位日本漫画家，善于创作惊悚恐怖的作品。他笔下最著名的角色是拥有无限繁殖能力、能诱导人们杀戮的川上富江。
2551,【S3】,电阻杯主题公园,生死簿,这是中国民间信仰中的一个具有记录众生寿数功能的本子，由阎罗王身边的副属判官所执掌；勾销上面的纪录是得到无上寿命的必要条件之一。
2552,【J6】,电阻杯主题公园,敬鬼神而远之,这是《论语》中所记述的孔子对于各类民间信仰的态度，他怀着具有一定唯物主义色彩的态度，主张对这些超自然的内容采取回避不谈、转而重视人际关系的态度。
2555,【H3】,电阻杯主题公园,荷鲁斯,这是古埃及神话中法老的守护神，具有隼头人身、头戴埃及王冠的特征，还司掌复仇。象征其眼睛的纹章具有神圣的含义，代表神明的庇佑。
2557,【W7】,电阻杯主题公园,吾令羲和弭节兮,在这个《离骚》的句子里，屈原使得驾车的太阳女神停鞭慢行，希望时间得以变慢。其下句为“望崦嵫而勿迫”。
2561,【C4】,电阻杯主题公园,参知政事,这是一个官职名，其实际职务为副宰相，甚至在特定时期职权和礼遇超过宰相。它的字面意思是参与管理政治事务。
2562,【H3】,电阻杯主题公园,花石纲,这是宋代一种满足皇帝喜好的特殊运输交通名称，得名于宋徽宗所酷爱的产于江浙地区的奇石。杨志因为丢失了它失去了第一份官职。
2565,【C4】,电阻杯主题公园,采石之战,这是一个宋与北方少数民族政权之间发生的政治事件，宋军坚守成功，并最终以议和为结局。张孝祥为此战胜利留下了“剩喜燃犀处，骇浪与天浮”的句子。
2567,【H3】,电阻杯主题公园,韩侂胄,这是一位南宋官员，属于主战派，是宰相韩琦的后裔。辛弃疾的“元嘉草草，封狼居胥”讽刺的是他主持的一场北伐行动。
2574,【B4】,电阻杯主题公园,北洋大学,这是一所始建于光绪年间的学校，始称学堂，后改为大学。它是天津大学的前身。
2575,【F3】,电阻杯主题公园,冯国璋,这位民国人物是著名表演艺术家冯巩的曾祖父。他是直系军阀的首领，北洋政府时期曾任副总统，与王士珍、段祺瑞并称为“北洋三杰”。
2576,【X3】,电阻杯主题公园,镶黄旗,这是清代八旗组织中“上三旗”之首，由皇帝直接统领，地位尊贵。其因旗色为黄色镶红边而得名。
2578,【F2】,电阻杯主题公园,复社,这是一个以江南士大夫为核心的政治、文学团体，有“嗣东林”之称，活跃于明末清初，《桃花扇》的故事围绕他们展开。其得名于“兴复古学”的纲领。
2579,【J4】,电阻杯主题公园,景山公园,这是一个位于北京市内的景点，毗邻故宫，可以俯瞰宫内全貌。历史上崇祯皇帝殉国于此地的一棵老歪脖子树上。
2581,【Y3】,电阻杯主题公园,饮冰室,这是位于天津市的一个景点，得名于《庄子》中的一句。它是梁启超的故居。梁启超以此地给自己取号，并以此地命名其著作合编集。
2582,【E9】,电阻杯主题公园,二十年目睹之怪现状,这是一部自传性质的晚清的谴责小说，揭露了从光绪十年到光绪三十一年左右的清末社会的黑暗现实。作者为吴趼人。
2583,【D3】,电阻杯主题公园,丁日昌,这位清朝名臣太平天国时期曾在湘军中任职，后管理过水师。他也是洋务运动的代表人物，成立了近代最早的新式工厂之一——江南制造总局。
2584,【Z2】,电阻杯主题公园,载淳,这是一位清朝皇帝的名字，他在位期间位于鸦片战争后，有新政实行，但掌握实权的人是慈禧太后。他的年号为“同治”。
2589,【H3】,电阻杯主题公园,火尖枪,这是哪吒的法宝之一，具有火焰的属性。它是哪吒最常用的武器之一，枪尖能喷火，因而得名。
2597,【J2】,电阻杯主题公园,景教,这是唐代时传入中国的一个基督教支派，它在国内流传过一段时间，但最终被唐武宗禁毁。在西安碑林有大秦J2流行中国碑。
2602,【S4】,电阻杯主题公园,素琴晨张,这个句子描绘了嵇康下狱临刑前状态，他怀抱高洁，从容赴死，清晨依旧抚琴不辍。上句为，“浊醪夕引”。
2604,【N7】,电阻杯吃货主题随蓝,牛衣古柳卖黄瓜,这句苏轼的词写作于徐州太守任上，描写了路旁树下一位身着蓑衣的农民售卖可以即食的农产品，文风朴实，格调清新。
2605,【Y3】,电阻杯吃货主题随蓝,鸭舌帽,这种衣饰的前两字是一种出自禽类的食物。它的前端有一个遮阳板，形状与某种鸟类的嘴类似，因此得名。
2606,【H2】,电阻杯吃货主题随蓝,海蜇,这是进入人们餐桌的最低等的动物之一，它们成群浮游水面，用刺细胞来捕捉并猎物，并且有口无肛门。焯熟切块凉拌是它的主要吃法。
2607,【D3】,电阻杯吃货主题随蓝,刀削面,这是面食大省山西最为出名的一类面，面条厚实劲道，是从大面块上用铁皮刮入沸水中煮熟。它的诞生与元代对汉人的铁器管制有关。
2609,【Q6】,电阻杯吃货主题随蓝,岂识浊醪妙理,这句辛弃疾的词讽刺南宋已无陶渊明式的饮酒高士，而只有一些醉生梦死的统治者，他们只知沉酣以求名，并不知道酒的真正风雅意趣。
2611,【X3】,电阻杯吃货主题随蓝,雪里蕻,这种芸薹属植物常常被制成腌菜食用。它因为“雪深诸菜冻损，此菜独青”而得名，又名“雪菜”。
2612,【L3】,电阻杯吃货主题随蓝,龙葵素/龙葵碱,这种以某种茄科植物命名的毒素广泛存在于许多茄科植物中，而且加热并不能完全消除其毒性。它的存在使得我们不能食用发芽的马铃薯。
2613,【X2】,电阻杯吃货主题随蓝,仙贝,这种起源于日本的米果类食品因为一个知名的台湾零食品牌而变得家喻户晓，而它在日本的名字却是“煎饼”。同时这个词语在汉语中也与日语对学长、学姐的称呼的汉字同音。
2616,【W2】,电阻杯吃货主题随蓝,闻韶,这个词语的意思是听到美好的音乐，是孔子“三月不知肉味”的原因。孔子听到的是传说中舜所作的乐曲。
2617,【X3】,电阻杯吃货主题随蓝,蟹堡王,这是动画片《海绵宝宝》中，海绵宝宝作为厨师工作的地点，其经营者为蟹老板。该地取材自真实生活中的Burger King.
2619,【L4】,电阻杯吃货主题随蓝,蓝纹奶酪,这种原产于欧洲的发酵食品因为口味独特、气味浓烈不易被中国胃接受。此乳制品由于发酵菌种为青霉菌，布满美丽的花纹，因此得名。
2621,【S2】,电阻杯吃货主题随蓝,世棒,这一品牌与部队火锅的诞生有密切关系。它使得午餐肉第一次进入大众视野，其最早用作美军军粮，后来行销世界。其英文名可以指“垃圾邮件”，为spam。
2622,【L2】,电阻杯吃货主题随蓝,罗勒,这种原产于热带地区的香料植物一般以鲜植株使用，在意式、法式、东南亚菜中常有运用，而在国内多见于岭南、云南等地，又名“九层塔”、“金不换”。
2624,【C2】,电阻杯吃货主题随蓝,草酸,这种化学物质是我们必须在烹饪菠菜前将其焯水的原因，进入人体的它可能会与钙离子形成络合物导致结石。它与钠的化合物呈弱碱性。
2625,【F4】,电阻杯吃货主题随蓝,腐皮包子,这种食物是《红楼梦》中晴雯所喜爱的食品。不同于传统的以面为皮做成的食品，这种食物以豆制品为皮，因而别有风味。南京大牌档有这一道菜。
2628,【D3】,电阻杯吃货主题随蓝,大红袍,这种乌龙茶产于福建武夷山，是中国特种名茶，香气馥郁，有兰花香。它以一种颜色鲜艳的衣物命名。
2629,【Z2】,电阻杯吃货主题随蓝,糟糠,这个词语本意是指酒渣、谷皮等粗劣食物，古代穷人用他们聊以充饥。后来这个词引申指曾经共患难的妻子。
2630,【T3】,电阻杯吃货主题随蓝,跳水兔,这道自贡名菜选用一种来自哺乳动物的白肉，具有麻辣鲜香的味型。其菜名由一项体育运动与一种动物的名字组合而成，且与“水煮鱼”一样貌似清淡而实际重口。
2631,【D2】,电阻杯吃货主题随蓝,疍民,这是一个生活于中国福建闽江中下游及福州沿海一带水上的族群，保留有些许古闽越人的体质特征。上他们终生漂泊于水上，以船为家，有许多独特的习俗。
2633,【Y2】,电阻杯吃货主题随蓝,易牙,这位古人被称为中国厨师的祖师之一，同时也是一位得到宠幸的近臣。善于调味的他受到齐桓公的宠幸，因而专权于齐国，传说中有杀子适君的行为。
2634,【H3】,电阻杯吃货主题随蓝,滹沱河,这个地名曾为第一届汉听考题，与“粥”或“麦饭”有密切的关系。它是位于河北省西部，起源于陕西省的一条河流，刘秀曾于此地避难而挨饿。这三个字偏旁相同，古代又叫“虖池”。
2635,【J3】,电阻杯吃货主题随蓝,吉野家,这是一家日式连锁简餐店，主卖日式牛肉饭；它以橙色为主要配色，以牛角为餐厅标志，虽已进入中国三十年，最近却处于萎缩态势。
2636,【K4】,电阻杯吃货主题随蓝,脍不厌细,这句话表明了孔子对于饮食的讲究程度。饮食，尤其是当时非常普及的鱼生，自然是越精致、越讲究就越好。
2637,【H3】,电阻杯吃货主题随蓝,茴香豆,这种食物是浙江省绍兴市著名饭店“咸亨酒店”的招牌菜，光绪年间只要一文钱一碟，因而贫困的孔乙己也能买来用以下酒。
2638,【M2】,电阻杯吃货主题随蓝,魔芋,这类天南星科植物在中国和日本广泛种植，其地下茎制成的食品口感爽弹，热量、低蛋白、高膳食纤维，是理想的减肥食品。它可以打成结用来涮火锅、煮关东煮，也可以加工成类似于辣条的食品。
2639,【H3】,电阻杯吃货主题随蓝,淮扬菜,如果说使得宫廷菜诞生的鲁菜是以前的国宴菜，那么这一菜系就是当代的国宴菜。狮子头、大煮干丝、松鼠鳜鱼等菜均出自该菜系。
2642,【S4】,卢碧,十大功劳,这是一种小檗科植物，原产于中国。全株树、根、茎、叶均可入药。用途不仅十种，故得名。
2643,【D2】,卢碧,大明,这是一个年号也是一个国号。作为一个南北对峙时期南方政权的年号使用了八年，更广为人知的是作为一个建立于14世纪下半叶的政权的国号，持续了约三百年。
2644,【K3】,卢碧,卡罗尔,这是一位数学家，他毕业于牛津大学基督学院，毕业后在该学院担任了近三十年的数学讲师，在教书期间出版了大量的数学论著，在数学领域取得了较大的成就。他同时也是一位顶尖的儿童文学大师，以儿童文学作品《爱丽丝梦游仙境》闻名于世。
2645,【Y3】,卢碧,雅辛托,这是一个希腊神话中的人物，是斯巴达城邦国王之子。传说他有着绝世容颜，是太阳神阿波罗的好友。他在与阿波罗玩铁饼游戏时惨遭铁饼击中，血泊中生长出了一种淡紫色的小花，这种小花后来以他的名字命名，即我们今天所说的风信子。
2647,【S3】,卢碧,三角梅,这是一种原产于热带美洲的花卉。该种花卉的苞片多数呈现紫色或洋红色，在我国南方地区常常被用作绿化的重要植物，是深圳，厦门，三亚等城市的市花。由于其苞片通常有三枚且形成一个三角形得名，别称簕杜鹃。
2648,【Y3】,卢碧,胭脂虫,这是一种原产于美洲的昆虫，他们寄主于仙人掌类植物上，以这些植物的汁液为食。他们体内含有一种可以用来制造绯红色染料的红色素，是一些食用色素和化妆品的重要原料。
2649,【S7】,卢碧,深汕特别合作区,这是一个位于广东省汕尾市的特殊地方合作区域，成立于2011年，由汕尾市人民政府和深圳市人民政府共建，是中国首个特别合作区。
2650,【B3】,卢碧,菠萝蜜,这是一种热带水果，该水果名的前两个字也是另一种水果的名称，但两者在生物分类学上并没有直接的关联。该水果属于桑科，因其果实香味浓郁，甘甜如蜜而得名。
2651,【W2】,卢碧,舞狮,这是一种中国民间的传统表演艺术，一般由两个人合作表演，一人在头，一人在尾。表演者藏匿在彩布条制作而成的狮子中，在锣鼓音乐下，装扮成狮子的样子，做出狮子各种形态的动作。现如今，该活动跟随着华人移居海外而闻名世界。
2652,【J2】,科协会员,介休,这是山西一个县级市，流传着春秋时期晋国某大臣抱树焚死的故事。该大臣名叫介子推。
2653,【L2】,科协会员,临猗,这是山西一个县，全县境内无山，是山西唯一的平川县，也是山西省最高气温记录所在地。春秋战国时期著名商人猗顿曾在此居住。
2654,【X3】,汉听圈友,线粒体,这是起源于原核生物的一种结构。是大多数真核细胞中进行呼吸作用的场所。
2656,【F6】,汉听圈友,风马牛不相及/风牛马不相及,这是一句至今仍在使用的俗语。鲁僖公四年，齐桓公率诸侯联军南征楚国，楚成王派遣的使者使用了这句话以表示楚国与齐国相距遥远。
2657,【D4】,卢碧,岱崮地貌,这是一种独特的地貌景观，为山东省沂蒙地区独有，以位于该地区的一个镇的名字命名。该地貌具有山峰顶部平坦且开阔，峰巅周围为峭壁，峭壁之下是逐渐平缓的山坡的特点。它在地貌学上属于地貌形态中的方形山，因而也被称为“方山地貌”。
2658,【J2】,汉听圈友,吉达,这座城市是其所在国家的第二大城市，位于红海沿岸。2021年开始，F1沙特阿拉伯大奖赛在这里举行。
2661,【F2】,科协会员,鄜州/鄜县,这个古代地名素有“塞上小江南”和“陕北小关中”之美称，是“世界苹果最佳优生区”。1964年因字生僻，改为富县。杜甫著名的羌村三首正是在此所作。
2662,【Z3】,科协会员,走马槽,该村位于山西某县，距该村2公里的一个太行山断裂带景区与该村同名。该县为明朝尚书王虎谷的家乡。
2663,【P2】,科协会员,平山,该县位于河北省，是重要的老革命根据地之一，背靠太行山，著名景点有西柏坡水库。
2665,【Z3】,赖氨酸,综合征,该医学名词是指一系列共现的表征或症状的集合
2666,【S2】,赖氨酸,睡莲,这种植物是被子植物的早期分支其一
2667,【E7】,赖氨酸,二叠纪末大灭绝/二叠三叠纪灭绝,这一事件可能仅持续了六万年左右
2668,【S4】,赖氨酸,沙利度胺,这是一种抗肿瘤药物与分子胶
2671,【F2】,赖氨酸,泛素,这是一种存在于真核细胞中的蛋白质，其主要生化功能为多聚标记胞内蛋白使其被26S蛋白酶体降解。
2673,【Q3】,赖氨酸,腔棘鱼/腔棘目,这是一类动物，曾被认为已在白垩纪后完全灭绝。现存仅一属，其下有一种体色深蓝
2677,【G3】,赖氨酸,古戈尔,这一数字大于宇宙中原子的总数，且与某知名公司的名称有关.
2678,【E2】,赖氨酸,鹅膏,该属包含多种毒菇
2688,【A5】,赖氨酸,埃迪卡拉纪,这一时期第一次大量出现了宏体生物。又名“震旦纪”。
2689,【J2】,赖氨酸,极危,这是IUCN红色名录中的濒危等级
2690,【R2】,赖氨酸,热河,这个地方有以它命名的某著名白垩纪特异埋藏化石群。该省原是东北四省其一，后被撤销。
2692,【Z4】,赖氨酸,造父变星,这类变星的光变周期与其光度具有确定的关系，是一种“标准烛光”. 目前的北极星也属于此类变星.
2693,【G2】,赖氨酸,勾陈,这一星官在某些古籍中代表“后宫”“大帝正妃”。其中的最亮星是当下的北极星。
2695,【J2】,鉝貓,角宿,这是中国古代星官之一，曾由2颗一等星组成。是28星宿之首。
2697,【J2】,鉝貓,井宿,这是中国古代星官之一，由8颗恒星组成两排，位于双子座，为巴地分野，故李白认为蜀道经过这个星宿。
2698,【J2】,鉝貓,键闭,这是中国古代星官之一，是天蝎座头上的两颗恒星。其字面意思是门栓关着。
2699,【B2】,鉝貓,壁宿,这是中国古代星官之一，由2颗恒星组成，分别为飞马座和飞马座及仙女座共有，是秋季四边形的一个边。
2700,【B2】,鉝貓,毕宿,这是中国古代星官之一，包含1颗一等红巨星，除该星外剩余恒星均属于距离地球最近的星团。位于金牛座。
2701,【B2】,鉝貓,北斗,这是中国古代星官之一，包含7颗恒星，其中6颗为二等星，大多数属于大熊座星协。中国的卫星导航系统以此命名。
2702,【B2】,鉝貓,败瓜,这是中国古代星官之一，位于夏秋季星空交界处，是隔壁“瓠瓜”星官熟透腐烂的产物。
2703,【B2】,鉝貓,八谷,这是中国古代星官之一，位于牧夫座以北的紫微垣内。该名称也指黍、粟、稻、梁、菽、稷、麦、麻。
2704,【B2】,鉝貓,波斯,这是中国古代星官之一，明朝后期才出现。是对“印第安座”的本土化翻译，意思是萨菲王朝。
2705,【B2】,鉝貓,北河,这是中国古代星官之一，由3颗恒星组成，其中有1颗一等星和1颗光变周期数百年的一等星，在西方天文学中，这两颗恒星组成双子座头部。
2706,【W2】,鉝貓,危宿,这是中国古代星官之一，是28星宿的玄武第5宿，意为“屋顶”。飞马座最亮星位于该星宿。
2707,【W2】,鉝貓,尾宿,这是中国古代星官之一，位于天蝎座，是青龙和天蝎的尾部。该星宿靠近银河中心，亮星众多。
2708,【W2】,鉝貓,胃宿,这是中国古代星官之一，由3颗暗弱恒星组成，得名于白虎的消化器官，旁边还有“积尸”“积水”二星宿。
2709,【W2】,鉝貓,五车,这是中国古代星官之一，由5颗明亮恒星组成，其中包含全天第6亮星。该星官得名于交通工具，在西方天文学中，这五颗星则表示一位“司机”。
2710,【J2】,鉝貓,军市,这是中国古代星官之一，位于大犬座，首星也是该星官最亮恒星距离天狼星很近。
2711,【S2】,鉝貓,参旗,这是中国古代星官之一，位于猎户座，意思是参宿的旌纛。在西方天文学中则象征猎户的弓箭。
2712,【S2】,鉝貓,参宿,这是中国古代星官之一，由7颗明亮恒星组成，其中包含全天第7和第10亮星。中间三颗星连成一条直线，该星官也因此得名。该星官因为与心宿距离180度而被用作永不相见的典故。
2713,【S2】,鉝貓,水府,这是中国古代星官之一，位于猎户座和双子座交界处。该星官得名于龙王殿的名字。
2714,【S2】,鉝貓,水位,这是中国古代星官之一，位于小犬座和巨蟹座交界处。现在这个词一般是指河流或湖泊的水面高度。
2715,【S2】,鉝貓,水委,这是中国古代星官之一，明朝时期才出现。意思是河流的源头，是对波江座的本土化翻译。最亮星是波江座α。
2716,【S2】,鉝貓,室宿,这是中国古代星官之一，位于飞马座，由2颗2等星组成，意思是宫廷。周围有6颗恒星组成“离宫”星官。该星宿是秋季四边形的一条边。
2717,【S2】,鉝貓,三台,这是中国古代星官之一，主体位于大熊座，又可以分为3个小星官。四川绵阳有一个县也叫这个名字。
2718,【S2】,鉝貓,四渎,这是中国古代星官之一，主体位于麒麟座，意思是淮济江河的合称。
2719,【H1】,鉝貓,韩,这是少数中英文名相同的恒星之一。后来这个字成为了东亚某国主体民族的自称。
2720,【B2】,鉝貓,北极,这是中国古代星官之一，在星官形成初期，这个星官位于天极附近，故而得名，其中有帝、太子二星，分别是小熊座β、γ。
2721,【W2】,鉝貓,王良,这是中国古代星官之一，由5颗恒星组成，其中2颗组成了仙后座W形的一条外边。这颗星来自古代一位善于驾车的人名。
2722,【J2】,鉝貓,卷舌,这是中国古代星官之一，意思是善于狡辩的舌头。这个词在现在一般是指zh、ch、sh的发音动作。
2724,【Y4】,北冥,一声之转,训诂学术语，指几个字在声纽同一的前提下语音发生转变所造成的字词的孳乳、分化、通假等现象。其最大的问题是缺乏科学性，容易牵强附会、主观臆断。
2728,【G6】,xetus,恭贴玛哈纳空,这是一个地名，在当地语言中由四个单词组成，词源均为古梵语借词，含义分别为“京都”、“天神”、“伟大”、“城市”。是该国首都的官方名称，但民间口语常常简称为前两个词。它的另一个名字“曼谷”更为人熟知。
2730,【L6】,xetus,朗伯比尔定律,这个定律是分光光度法的基本定律，它描述了物质对某一波长光的吸收强度与吸光物质的浓度及其液层厚度间的关系。数学表达式为A=lg(1/T)=Kbc。
2731,【S3】,xetus,双曲线,这是一种来自巴西，不含专有设备驱动的Linux发行版的名称，也是一种圆锥曲线的名称。
2732,【M2】,DD,名词,这是一类词，在生活中非常常见。张之洞审阅幕僚拟的文件，发现其中有来自日本的该类词，勃然大怒。该幕僚不软不硬地回应，这个词类名也来源于日本。
2733,【N6】,xetus,尼科米德蚌线/尼科米兹蚌线,这种四次曲线是定点到直线上动点的连线上距动点距离为定值的点的轨迹，分为两支，收束于同一渐近线，其极坐标方程为ρ=a sec θ±b。
2734,【X3】,xetus,学生化,该词指将统计量除以样本标准差，因此法形成的统计量服从t分布，故名。
2735,【F2】,xetus,斐济,这是一个大洋洲国家，其国名在当地语言中名为“岛屿”，在中文互联网上因谐音梗而被许多人熟知。
2737,【X7】,江柳烟,星光灿烂的旗帜,这首歌曲写于抗击英军的背景下，其旋律来自一首英国祝酒歌。词作者为弗朗西斯·斯科特·基。
2741,【J2】,赖氨酸,绝灭,这是IUCN红色名录中的濒危等级
2742,【J2】,赖氨酸,近危,这是IUCN红色名录中的濒危等级
2743,【X2】,鉝貓,驯鹿,这是一种哺乳动物，主要生活在寒冷地区，与圣诞节有关
2744,【X2】,鉝貓,雪豹,这是一种哺乳动物，主要生活在寒冷地区，与芝士有关
2745,【M2】,鉝貓,木李,这是蔷薇科一种植物的别称，果实可食。它曾属于以它的中文正名命名的属，但后来被踢出去了。如果有人喂这个，需要用琼玖报答。
2746,【M2】,鉝貓,木瓜,这是蔷薇科一种植物，果实可食。其现在所指和以前所指是亲缘关系较近的两个不同物种。但现在提到这个词，更多时候说的是一种原产热带的水果。
2747,【M2】,鉝貓,木桃,这是蔷薇科一种植物的别称，果实可食。它的花为白色至粉色渐变，又叫木瓜海棠、毛叶木瓜。如果有人喂这个，需要用琼瑶报答。
2749,【Z3】,赖氨酸,志留纪,这是地质年代其一，始于一场大规模灭绝事件。此时期笔石与广翅鲎类繁盛，维管植物登陆。
2750,【Z3】,赖氨酸,侏罗纪,这是地质年代其一，始于一场大规模灭绝事件。此时期得名于法国与瑞士边界的山脉，恐龙与翼龙在这一时期非常繁盛。
2751,【Y2】,赖氨酸,夜鹭,这是一种中国常见的夜行性涉禽，喜食鱼类，头顶及背部为蓝黑色。这种鸟属于鹈形目，却常因其形貌和行为而被戏称为“田园企鹅”。
2753,【C2】,赖氨酸,蒭藁/刍藁,这是中国古代星官之一，其中有一增星为红巨星，是一类变星的代表。位于昴宿。
2756,【R2】,江柳烟,肉鸽,这是一种游戏类型，主要特点包括生成随机性、进程单向性、不可挽回性和游戏非线性等，为玩家提供了无限的可能性和耐玩度很高的游戏体验。
2758,【B2】,赖氨酸,北极,这是中国古代星官之一，由5颗恒星组成，其中的第二星即“帝星”。这个词也指地球表面上最北的点。
2762,【B4】,xetus,布氏漏斗,实验室中使用的一种陶瓷仪器，也有用塑料制作的。普遍认为发明者为爱德华·比希纳，但实际是Ernst Büchner。用于使用真空或负压力抽吸进行过滤。
2763,【F5】,xetus,防成龙装置,是一种障碍物，因可能阻挡成龙在电影中经常进行的从高到低的动作而得名。常以玻璃球或三角台牌的形式存在。
2764,【T5】,DD,同离子效应,是一种化学现象，会使得物质的溶解度降低。其产生原因是化学反应的平衡导致的方向移动。
2765,【L3】,DD,卵胎生,是一些鱼类和爬行类所拥有的生殖方式，动物的卵在母体内发育成新的个体后才产出母体。
2766,【C4】,DD,出芽生殖,是一种无性生殖方式，亲代借由细胞分裂产生子代，在一定部位生长出与母体相似的子代。常见的有珊瑚虫、水螅、海绵动物、酵母菌等。
2767,【Z4】,赖氨酸,质壁分离,是植物中会存在的一种现象，只有细胞体积大，成熟的细胞才能发生。渗透压在其中扮演了重要角色。
2769,【T4】,赖氨酸,炭疽杆菌,这种革兰氏阳性菌可危害人或牲畜，能通过皮肤接触、吸入孢子等途径感染。2001年9月的美国，有人将含有这种细菌的信件寄给他人，以进行生物恐怖袭击。
2770,【Y3】,赖氨酸,鹦鹉目,这是今鸟亚纲中的一目。该目鸟类上喙钩曲，具对生趾，属攀禽。其中许多种类能模仿人言，是受欢迎的宠物。
2771,【Y3】,赖氨酸,雁形目,这是今鸟亚纲中的一目。该目为鸡形目的姊妹群。其中的鸟类属于游禽，口语中的鸭子、鹅、大雁等都为此目成员。
2772,【X4】,xetus,小松左京,这是一位日本作家，大阪人，出生于1931年，是日本最著名的科幻小说作家之一，号称“日本科幻界的推土机”。与星新一、筒井康隆合称为日本科幻小说“御三家”。
2775,【L3】,xetus,垃圾桶,指复兴号的动力集中动车组，因其第一、二代的涂装近似这一物体一般所指而得名。
2776,【D4】,DD,店无书砸,该词通常用于表达对某人言论或评论的极度推崇，意味着这些评论非常精彩。这个词缩略自“我在书店里没有找到您的书，就把书店砸了。”
2777,【Y3】,DD,一得阁,某詈言倒放后空耳而得的前三个字。也指一生产墨汁的老字号。
2783,【X4】,台风吧友,新感觉派,20 世纪 30 年代左右在上海形成的一个文学流派。其创作多取材于半殖民地大都市的病态生活，通过人物的瞬间感受、情绪意识流动来展现都市的繁华、喧嚣与堕落。
2784,【Y4】,台风吧友,韵律源点,一款音乐游戏，具有两个结局，玩法包括地面单键、天空单键、地面长条和音弧、音轨，由英国游戏开发商Lowiro开发。
2786,【Y4】,Katze,意识形态,指反映一定经济关系、政治关系，以及一定阶级或社会集团利益和要求的思想体系，是社会意识诸形式中构成上层建筑的部分，通常包括政治法律思想、道德、艺术、宗教、哲学等。
2787,【E3】,Katze,鹅赠鹤,这首七言绝句以两种鸟类对话的形式，道出它们虽然同为禽类，但由于各自所处的环境的优劣，决定了它们命运的不同，以此感叹命运的不济，作者是白居易。
2788,【Z2】,Katze,真理,是标志主观与客观相符合的哲学范畴，是对客观事物及其规律的正确反映，其内容是客观的，形式是主观的。
2789,【L4】,Katze,理性认识,指人们借助抽象思维，在概括整理大量感性材料的基础上，达到关于事物的本质、全体、内部联系和事物自身规律性的认识，包括概念、判断和推理三种形式。
2790,【G4】,Katze,感性认识,指人们在实践基础上，由感觉器官直接感受到的关于事物的现象、事物的外部联系、事物的各个方面的认识，包括感觉、知觉和表象三种形式。
2791,【B2】,DD,冰毒,"这是一种二战中军队为提高部队战斗力经常向士兵供应的一种""药品""，最先由德国供应，商品名为""柏飞丁"
2794,【H5】,DD,海象表达式,指使用由一个冒号和一个等于号构成的运算符的表达式。可在表达式内部为变量赋值。
2795,【G2】,DD,过酸,指一类分子中含有-O-O-基团的酸。会形成五元环分子内氢键。酸性很弱。
2796,【T2】,DD,酮体,是乙酰乙酸、β-羟基丁酸和丙酮三者的合称。
2797,【B4】,DD,别构调节/变构调节,指酶的非催化部位与某些化合物可逆地结合后发生构象改变，进而改变酶活性状态。
2798,【Y6】,DD,诱导契合学说,指当底物与酶接近时，能诱导酶的构象发生有利于底物与之结合的变化，使酶与底物特异结合，催化反应的进行。
2800,【C4】,DD,尺二秀才,旧时用以讥讽写俗字的书生。其前二字C2来源于现代流行的一个简体字的拆分。
2802,【D2】,DD,端粒,是存在于真核细胞染色体末端的一小段DNA-蛋白质复合体，作用是保持染色体的完整性和控制细胞分裂周期。
2805,【D6】,DD,大记忆恢复术,指在监控不发达的年代，为了让刑事犯罪嫌疑人认罪而使用的审讯手段。常用于指刑讯逼供、屈打成招。
2806,【Y4】,DD,一体两翼,指两个部分之间相互联系，不可分离。两者相辅而成，相互促进。被用来比喻建国初期过渡时期的总路线。
2807,【G5】,DD,耕者有其田,最早由S3提出，是千百年来农民最高的经济要求和梦想。后作为土地政策被实现。
2808,【G4】,DD,庚款留学,指美国总统罗斯福宣布退还部分G子赔款，用于资助中国留学生赴美留学。
2809,【X4】,DD,辛酉政变,指晚清的一场宫廷政变，八名“赞襄政务大臣”被处死或免职治罪。慈禧太后和恭亲王掌权。
2810,【D4】,DD,大缺大德,在互联网上用来形容做出不道德事者，经常被用来形容大英，可能派生自大恩大德。
2811,【W3】,Katze,维罗纳,这座意大利城市位于北部威尼托大区，自古就是一个兵家必争的军事要塞，同时也是意大利和欧洲铁路、公路相连通的主要枢纽，也是葡萄酒、水果和大理石的集散地，同时，这里也是莎士比亚笔下罗密欧与朱丽叶的爱情故事的发生地。
2812,【M5】,Katze,名侦探柯南,这是由日本漫画家青山刚昌创作的侦探漫画作品，于1994年起在《周刊少年星期天》上开始连载，并于1996年被制作为电视动画片播出，本作主角的名字取自于两位著名的推理小说作家。
2813,【B2】,Katze,波洛,这是阿加莎·克里斯蒂所著系列推理小说中的人物，是一名比利时侦探，无论是外表和性格都十分独特，鲜明易认。初次登场于《斯泰尔斯庄园奇案》，在最后一案《帷幕》中去世，死讯当时被《纽约时报》以头版发布。 
2814,【Y2】,Katze,舆图,这个词的意思是疆域、疆土，也是中国古代对于地图的称谓。  
2816,【X2】,Katze,盱眙,这个县位于江苏，淮河下游，洪泽湖南岸，以盛产龙虾闻名，境内出土过世界最早的彗星运行图和战国时期的陈璋圆壶。 
2817,【W2】,Katze,温州,这个地级市位于浙江，东临东海，有两千余年建城史，是长三角区域中心城市，东南沿海重要的商贸城市和区域中心城市，国家历史文化名城，雁荡山位于该地级市境内。
2818,【Y2】,Katze,粤语,这是汉语方言的一种，是广府民系的母语，广泛通行于中国南方的广东中西部、广西东南部及香港、澳门和东南亚的部分国家或地区，以及海外华人社区。
2819,【P2】,Katze,平凉,这个地级市位于甘肃省，地处陕甘宁三省区交汇处，截至2023年底，下辖1个市辖区、5个县，代管1个县级市，是中华民族和华夏文明的重要发祥地之一，古称渭州，崆峒山位于境内。 
2820,【K3】,Katze,崆峒山,这座山有“中华道教第一山”的美誉，是丝绸之路西出关中之要塞，海拔高度在1456—2123.5米之间，垂直高度为667.5米，主峰望驾山海拔2123米。
2821,【X3】,Katze,兴化湾,该海湾位于福建沿海中段，是以该海湾附近一座城市的旧称命名，这一名称与江苏省一县级市同名。
2822,【Y2】,Katze,仪征,这个县级市位于江苏，是苏北地区（江苏省长江以北地区）现存设立时间最早的县级市，其名称在历史上同一朝代内曾两次因避讳而变更。
2823,【C2】,Katze,常熟,这个县级市位于江苏，是国家历史文化名城之一，也是目前江苏省现存县级市中设立时间最早的，江苏省内的另一个地级市也是因此县级市而得名。
2824,【F3】,Katze,非人哉,这句古文出自于《世说新语》，是陈太丘的友人抱怨陈太丘的话语，如今有一部同名的四格漫画作品。
2825,【K7】,Katze,可惜我是水瓶座,这首歌曲是一首粤语歌曲，收录在杨千嬅2003年发行的专辑《Miriam's Music Box》中，由黄伟文作词，雷颂德作曲，歌曲名字中出现了黄道十二星座中的其中一个星座。
2826,【F4】,Katze,富士山下,这首歌曲是一首粤语歌曲，收录在陈奕迅2006年发行的专辑《What's Going On...?》，歌名中有日本最高峰的名字；其普通话版本是2007年发布的《爱情转移》。
2827,【A5】,Katze,爱在西元前,这首歌曲收录在周杰伦2001年发行的专辑《范特西》中，歌曲的创作灵感是古巴比伦文明，歌词中出现了包括汉谟拉比法典在内的许多古巴比伦文明史迹。
2828,【X5】,Katze,辛普森一家,这部动画片是由美国福克斯广播公司出品，马特·格勒宁创作的一部动画情景喜剧，第一季于1989年末开始播出，通过展现主角一家五口人的生活，从许多角度对美国的文化与社会、人的条件和电视本身进行了幽默的嘲讽。
2830,【D3】,Katze,滴水湖,这是上海市浦东新区的一个人工湖，总体呈圆形，直径2.66公里，总面积5.56平方公里，于2002年开挖，2003年10月6日基本完工，是南汇新城的中心湖泊。
2831,【Y2】,Katze,仪陇,该县位于四川省东北部，南朝建县，因避唐玄宗名讳而改为今名，是以种养业为主的农业县，也是全国兔业第一县，盛产小麦、油菜、水稻、红苕、柑橘等；该县是川陕革命老根据地，也是新中国开国元勋朱德同志的出生地。
2833,【B4】,Katze,宝成铁路,这条铁路位于我国西部地区，全长约668km，国铁Ⅰ级铁路，途径陕西、甘肃、四川三省，1952年7月动工修建，1956年7月建成通车，1958年1月1日正式运营，1975年完成全线电气化改造，是中国第一条电气化铁路。
2834,【Y2】,Katze,鹰潭,该地级市位于江西省，原为一镇，后因成为铁路枢纽而迅速发展，1983年升为地级市，龙虎山位于辖境内。
2835,【B2】,Katze,北冥,该词意为传说中阳光照射不到的大海，在世界最北端；有一种名为“鲲”的鱼。
2836,【Y2】,Katze,宜兴,该县级市地处三省交界处，东临太湖，是中国历史文化名城，1988年撤县设县级市，该地的紫砂陶制作技艺是国家级非物质文化遗产之一。
2838,【X2】,Katze,厦门,这座城市位于我国东南沿海地区，是副省级市，明洪武二十七年始筑城，1935年设市，老城区位于同名岛屿上，是国务院批复确定的中国经济特区和东南沿海重要的中心城市、港口及风景旅游城市。
2839,【Y4】,Katze,延庆寺塔,该塔位于浙江省松阳县城西郊，宋咸平二年（999）动工兴建，五年（1002）年建成；塔高38.32米，楼阁式砖木结构，六面七级，中空；斗拱瓦镏作双卷头，山檐舒展平缓，铁质塔刹相轮为卷草图案，曲线流畅；塔壁朱画飞天，依稀可认，是江南诸塔中保存最完整的北宋原物；2006年被公布为第六批全国重点文物保护单位。 
2840,【S3】,Katze,三影塔,该塔位于广东南雄，又名延祥寺塔，建于北宋大中祥符二年（1009年）；坐北朝南，为六角九层楼阁式砖塔，通高50.2米，是广东省境内保存较为完好的北宋砖塔，具有重要的历史、科学、建筑和艺术价值；1988年被公布为第三批全国重点文物保护单位。
2841,【X2】,Katze,寻乌,该县位于江西省南部，县境大部分属于珠江流域；明万历四年建县，原名长宁县，1914年改为今名；该县为客家人聚居地，是中国革命老区县。
2842,【W2】,Katze,吴县,这是清代苏州府三个附郭县之一，也是名称使用时间最长的一个。
2843,【S2】,Katze,数织,这是一种逻辑游戏，玩家需要根据给定的数字提示，在网格中填充方块，最终形成一幅完整的图画。这些数字提示通常位于网格的行首或列首，指示该行或列中连续方块的数量。游戏的目标是根据这些数字提示，通过逻辑推理，正确地填充整个网格。
2844,【J5】,Katze,九二式车牌,这是我国目前使用的民用车牌制式，自1994年7月1日起开始全国使用，其中车牌第一位是表示省级行政区简称的汉字，第二位英文字母表示该车户口所在的地级行政区，一般为各地级市、地区、自治州、盟字母代码，一般按省级车管所以各地级行政区状况分划排名。
2845,【Z6】,Katze,直达特快列车,这是中国铁路在2004年4月18日实行第五次大提速后新开行的夕发朝至空调列车等级，在2014年12月10日调图后，被重新定义为“最高运行时速160km/h的旅客列车”，车体统一使用25T型客车。铁路系统标准念法为“直**次”，普通民众习惯念作“Z**次”。
2847,【S3】,Katze,桑卡拉,他是非洲某国的政治家，马克思主义革命家，曾任该国政府首脑，上任时将该国国名更改为“正人君子之国”，后于1987年的政变交火中遇害，后人称他为“非洲的切·格瓦拉”。
2851,【F3】,Katze,芬兰语,这种语言是欧洲某国的官方语言之一，也是其邻国的法定少数民族语言，是黏着语，不同于大多数欧洲语言的是，该语言不属于印欧语系，而是属于乌拉尔语系。
2852,【S4】,Katze,萨拉热窝,这座城市是某个欧洲国家的首都，始建于公元1263年，1981年与天津市结为友好城市，这座城市发生的一个历史事件是近代一次世界大战的导火索。
2853,【S10】,Katze,圣文森特和格林纳丁斯,该国是位于东加勒比海小安的列斯群岛南部的一个火山岛国，官方语言为英语，全国面积约为389平方公里，截至2022年，国家人口10.4万，首都位于金斯顿。
2855,【S4】,Katze,奢香夫人,这是彝族历史上一位重要的政治人物，在位期间，开驿道、平靖边乱，为加强彝汉人民的团结、密切西南地区与中央政府的关系作出了贡献，2009年凤凰传奇演唱的一首歌曲即是以此人物命名。
2856,【S5】,Katze,上海虹桥站,这座国铁客运车站为特等站，属上海铁路局管辖，于2008年7月20日开工建设，2010年7月1日投入使用，是上海虹桥综合交通枢纽的组成部分，是华东地区重要的铁路客运枢纽之一。
2857,【K2】,Katze,昆明,这座城市为所在省省会，地处中国西南地区、云贵高原中部，是国务院批复确定的中国西部地区重要的中心城市之一，别称春城。
2858,【Z2】,Katze,昭通,这座城市位于所在省东北部，地处三省交界处的山区腹地，是一个集“山区、革命老区、民族散杂区”为一体的市，截至2023年末，全市下辖1个市辖市、9个县，代管1个县级市。
2859,【B3】,DD,白化病,是一种先天性单基因遗传病。因黑色素或黑色素体生物合成缺陷导致眼部和皮肤敏感。
2860,【D5】,萤之黑,地中海贫血,D3是一地名，因该疾病在该地附近多发而得名。又称珠蛋白生成障碍性贫血。
2861,【X4】,萤之黑,先天愚型,由染色体异常引发，严重影响患者的智力、面部特征及生长发育。母亲年龄过大是患病风险的显著因素。又称唐氏综合症。
2862,【C5】,萤之黑,超雄综合征,因染色体数目异常引起。可表现为身材高大、学习障碍、男性不育等。相比于正常男性多一条Y染色体。
2863,【G3】,萤之黑,共显性,指一对等位基因没有显隐性的区别，两种基因能同时表达，形成相应的表型。ABO血型的遗传就属此类。
2864,【A6】,DD,阿尔兹海默症/阿尔兹海默病,该病成因复杂，部分是由特定的基因变化引起。是一种中枢神经系统的退行性病变，主要发生在老年或老年前期。
2865,【B4】,萤之黑,苯丙酮尿,其英文缩写为PKU。是一种常见的氨基酸代谢病的主要症状。表现为因PA不能正常代谢而蓄积，并从尿中大量排出。
2866,【C3】,萤之黑,蚕豆病,是一种遗传疾病，由于葡糖-6-磷酸脱氢酶缺乏，导致患者不能及时清除过氧化氢，从而出现溶血。因食用C2后会引发溶血而得名。
2867,【X3】,萤之黑,血友病,一种由于基因缺陷引起的X染色体连锁阴性遗传病。由于凝血因子相关基因异常导致凝血功能异常，使得患者终生易于出血。
2868,【K7】,DD,快乐木偶综合征,一种遗传异常所致的神经发育障碍性疾病。特征性表现为智力低下、快乐行为、严重语言障碍、共济失调、睡眠障碍及癫痫发作等。又称Angelman综合征。
2869,【T3】,DD,天下人,日本指终结乱世、统一天下之人。织田信长、丰臣秀吉和德川家康就被认为是T3。在中国这个词指所有人。
2870,【D3】,萤之黑,胆红素,其主要来源是衰老红细胞的血红素的降解。过多可能导致黄疸。
2871,【Z3】,萤之黑,脂褐质,衰老细胞中的常见结构。有研究表明其是在次级溶酶体内由一些长寿命的蛋白质和DNA、脂质共价缩合形成的巨交联物。又称致密体。
2872,【Y2】,萤之黑,云间,上海地区古代的一个雅称，因西晋文学家陆云对客自称而得名。
2873,【E4】,萤之黑,额济纳旗,这座城市是当今世界现存的唯一一座以党项语命名的城市，也是著名的中国酒泉卫星发射中心的所在地。
2876,【S2】,Katze,诗学,是西方第一部从理论内容到理论形态都比较完整的美学、文论专著，深刻体现了亚里士多德的方法论。
2877,【Y5】,Katze,亚里士多德,他是古希腊的哲学家、思想家，被马克思称为“古代最伟大的思想家”，他著作颇丰，几乎触及当时的一切知识部门，也是欧洲思想史上第一个创立了包括逻辑学在内的多个学科系统的人，“吾爱吾师，吾更爱真理”便是他的名言。
2879,【L3】,Katze,理式论,这是柏拉图哲学体系的核心，是柏拉图构想的一个境界，也译作理念、观念、理型、模式等。
2881,【C3】,鉝貓,蔡广财,他姓蔡，他凭借他的背带裤和中分头为人所熟知，大家都称赞他的英语水平和舞技，他虽然自负但是同时也很可爱，外号西洋蔡。是《七十二房客》中的一位谐星。
2882,【D2】,DD,叠连,指红细胞彼此以凹面相贴，会导致红细胞沉降率加快。
2887,【T3】,DD,甜不辣,这是一种食物，在关东煮里出现较多。这种食物在日本南方与一种炸物读音接近，汉语名称由此音译而来。是鱼糜制品，汉语名称同时描述了它的味道，并使用了一个表否定的字。
2890,【C3】,浅安,扯淡碑,这个文物位于河南淇县，相传为明末清初一位著名人物的墓碑，由于碑文内容较为奇怪，常被认为是“穿越者”留下的痕迹。正面刻有“再不来了”等字样
2891,【C7】,Katze,车尔尼雪夫斯基,他是19世纪60年代俄国革命民主主义领袖，唯物主义美学家，现实主义文学批评家以及作家，他继承和发展了别林斯基的文学思想，提出了“美是生活”的定义，坚持文学的思想性，反对纯艺术论，为俄国现实主义文学奠定了理论基础。
2892,【Z5】,浅安,主产不为这,这五个字中有四个字具有相同的第一笔画，看起来像是在解释一个公司的主营业务转型的原因，即“不是为了这个方面”。实际上是五笔输入法的一级简码口诀中的一句。
2893,【S2】,台风吧友,睡觉,这是一种常见的行为。这道题的答案在古代也有使用，但意思通常是该行为结束后会发生的事。比较著名的用例有《长恨歌》《夜游宫·记梦寄师伯浑》等。
2900,【M2】,Katze,毛拉,是伊斯兰国家（或地区）中对人的一种敬称，原意为“先生”、“主人”，国内部分地区穆斯林也称其为“阿訇”。 
2901,【S4】,Katze,诗的艺术,这是法国新古典主义文学的“法典”，被称为“伟大世纪的文学信条的宣言”，为法国古典主义构建了系统的理论纲领，作者布瓦洛也因此被视为法国新古典主义文艺理论的最高权威。
2903,【B2】,Katze,北川,这是四川省的一个少数民族自治县，古称石泉，曾经由于某次地震导致县城被毁，因为从邻县划入部分乡镇作为新县城选址，这个县也是我国目前唯一一个羌族自治县。
2904,【L3】,Katze,龙泉驿,这是成都市的一个市辖区，位于成都市中心城区东部，明洪武九年（1376年）置龙泉镇巡检司，设国家级驿站，始称今名并沿用至今。 
2905,【F3】,Katze,番石榴,这是桃金娘科番石榴属的一种乔木植物，原产于热带美洲，后广泛分布于世界热带及亚热带地区，约17世纪末传入中国，在中国台湾、海南、广东、广西、福建等地均有栽培，果实营养较丰富，是美容养颜和减肥的最佳水果之一，也称芭乐。
2906,【X2】,Katze,兴国,该县位于江西省南部，以北宋时期的一个年号得名，人文资源丰富，是千年古县、红色故土、中国堪舆文化发源地，孕育了浓厚的客家文化。
2910,【Z4】,Katze,中森明菜,她是20世纪80年代日本最具代表性的流行女歌手之一，曾多次获“日本金唱片大奖”“最佳歌曲歌手奖”，她的服装、发型在上世纪80年代，受到日本乃至全中国的模仿，也影响了其他亚洲国家的歌手。
2911,【H4】,Katze,惠阳地区,这是曾经存在于广东省的地级行政区，于1988年被拆分为若干地级市，其行署驻地在惠州市。
2914,【W4】,Katze,文艺复兴,这是14世纪至17世纪初发源于意大利并席卷全欧洲的一场文化和思想上的革命运动。它砸断了封建统治者和教会的精神枷锁，使欧洲文化从此达到了历史上的第二个高峰。恩格斯曾评价其为“人类从来没有经历过的最伟大、最进步的变革”。
2916,【L5】,Katze,历史的天空,这首歌是1994年电视剧《三国演义》的片尾曲，由王健作词，谷建芬作曲，毛阿敏演唱，从回味和审视的角度，来抒发对历史的感受与体验。
2931,【D2/T2】,尧庚,大甲/太甲,这是一位国王，被尊为太宗，是“受天命”之王的孙子。他因为统治暴虐被最高官员放逐到先王的墓地旁，后来归位，政治清明。《竹书纪年》认为是最高官员自立，最后被杀。这位最高官员是伊尹。
2939,【F2】,尧庚,傅说,这是传世典籍中武丁时期的重臣，但其名字不直接见于甲骨文中，有说法认为是“雀”。其名字的首字是一个地名，来自他被武丁找到时的地点，此时他是个囚徒。孟子称赞他“举于版筑之间”。
2942,【Q2】,DD,桥头,火锅底料品牌。创始于1908年。是目前全国唯一一家中华老字号火锅。
2943,【H4】,北冥,皇后大道,这条道路全长约5km，是香港开埠之后建设的第一条主要道路，位于香港特别行政区西区、湾仔区。它以罗大佑、蒋志光的一首歌而闻名。
2947,【N4】,台风吧友,难上加难,这是一个形容极端的难度的词语，也与一个与描述一种风牌加杠的谐音词有关，出自清代李宝嘉的长篇小说《官场现形记》
2949,【D2】,Katze,德语,该语言属于印欧语系日耳曼语族西日耳曼语支，是中欧多国的官方语言，使用拉丁字母，其内部各方言差距巨大，包括两大分支内的数十种方言；词汇、语法不同，彼此无法通话。
2950,【Z3】,Katze,张桂梅,她是七一勋章获得者，出生于黑龙江省牡丹江市，2008年8月，筹建丽江华坪女子高级中学，这是全国第一家全免费的高中，为我国西部贫困山区教育事业做出了杰出的贡献。
2951,【J3】,Katze,九章集,这是古罗马新柏拉图学派哲学家普罗提诺的代表作。相传大部分内容是普罗提诺在自己创办的学校中对听众提出的问题所作的解答，后来由他的弟子波菲利编纂而成。全书包括54篇相互独立的论述，共6集，每集含9篇论述。
2952,【X6】,Katze,新柏拉图学派,这是公元3～6世纪流行于古罗马的唯心主义哲学流派，其著名代表人物是普罗提诺，因此也被称为普罗提诺学派，他企图用宗教神秘主义原则将希腊和希腊化哲学中的主要学说加以体系化。4世纪以后，该学派形成许多新的支派，至公元529年趋于瓦解。
2955,【J4】,Katze,京哈铁路,这条铁路纵贯东北，连接了北京与黑龙江省省会哈尔滨，全长1241.2公里，其中秦皇岛至沈阳段设计时速为250千米/小时。
2956,【X5】,Katze,薛定谔的猫,这是一个思想实验，该实验试图从宏观尺度阐述微观尺度的量子叠加原理的问题，以此求证观测介入时量子的存在形式（德语名称为Schrödingers Katze）。
2958,【H3】,Katze,胡志明,他是越南无产阶级革命家、政治家，原姓阮，生长于贫寒的农村儒生家庭，1930年在香港领导成立越南共产党，1945年8月领导越南八月革命，9月2日在河内宣布成立越南民主共和国，翌年当选为共和国主席兼总理，1969年病逝于河内。
2959,【F2】,Katze,阜阳,这是位于皖西北的地级市，古称“汝阴”“顺昌”“颍州”，名称来自于东汉时期境内的F2侯国，截至2024年，全市辖3个市辖区、4个县，代管1个县级市。
2965,【S8】,Katze,上海环球金融中心,这座建筑位于上海浦东新区陆家嘴，拥有地上101层、地下3层，楼高492米，竣工于2008年8月29日，英文简称SWFC，因其外形特点，也被网友称为“开瓶器”。
2966,【A3】,Katze,阿尔山,这是位于内蒙古自治区的一个县级市，1996年由科尔沁右翼前旗析置设立，得名于“哈伦阿尔山”，系蒙古语，意为“热的圣水”。
2972,【X2】,南炮台,翔安,这座城市位于我国东南沿海地区，是副省级市所辖的一个县级行政区。其原属于该市所辖的另一个县级行政区，于2003年4月26日单独析置。该市的新机场以此县级行政区命名。得名于“翔凤里”、“民安里”。
2978,【H3】,赖氨酸,红鲱鱼,这是一种食物。其原料鱼类常集群活动于浅海，腌制后气味浓烈。该词也指一类引入无关议题、转移焦点的叙述策略或逻辑谬误。
2979,【Y3】,赖氨酸,叶尔森/耶尔森,这位瑞士裔法国人是一位医生。他是人类历史上某种重要病原体的发现者其一，因而该病原体的属名以他命名。即鼠疫的致病菌。
2984,【B2】,待补充,芭乐,1.空头支票 2.桃金娘 2.抒情慢歌 4.番石榴
2986,【M2】,DD,面经,指一宗教的经典著作，该宗教于2005年于美国诞生。也指一个四字词的缩写，求职者把M2写下来发布在BBS上供他人参考。
2987,【G6】,DD,郭沫若没出息,该词的前三字G3为一人名。该词指一文章的题目，这个题目看起来在贬损G3。因该文章通篇为入声字而闻名。
2988,【B6】,DD,白大衣高血压,指在患者就医时测量血压大于正常值，但家庭血压测量正常的现象。常见于焦虑紧张、容易受环境影响者。
2989,【W3】,DD,五月病,指学生或职场新人在四、五月之交时经历黄金周假期后出现意志消沉、慵懒倦怠、抵触上学上班的现象。起源于日本。
2990,【S4】,DD,三日坊主,这是一个日本俗语，字面意思是“只当了几天的和尚”，因为和尚修行辛苦，有的人难以忍受很快就要还俗，引申为“对事物容易厌烦，难以长久地持续下去”，类似于“三分钟热度”，读作mikkabōzu。
2991,【J4】,DD,角弓反张,指背肌的强直性痉挛使头和下肢后弯而躯干向前成弓形的状态。多见于痉病及破伤风等病症。
2993,【W4】,Jinx,午餐难民,这是一个近年在日本新闻中常常出现的名词，指代在中午就餐要排队很长时间，或是附近提供午餐的餐厅单调稀少的上班族。
2994,【S4】,Jinx,三寒四温,这是一个东北亚地区的谚语，它概括了冬季约一周内的气候变化，受西伯利亚高压影响，这种现象在朝鲜半岛和中国东北较为常见，近年日本常用它形容早春的特定天气。谚语的意思是：在经过三天寒冷的日子后，接着是四天温暖的日子。
2995,【B4】,Jinx,傍目八目,这是一个日本俗语，意思与“旁观者清”相近。尽管有一个相同的汉字出现了两次，但是它们不表示相同的意思，在日语中的读音也不同，其中一个的含义与围棋有关。俗语的第一个字也可以写作“岡”。
2997,【S5】,Jinx,三年寝太郎,这是日本流传的一则民间故事，和楚庄王“一鸣惊人”有相似之处。持续在睡觉的主人公的家乡被干旱所困扰，直到某天他突然醒来，推落了山顶的巨石阻塞河川，田地得以得到灌溉。故事的得名于主人公持续睡觉的时间，加上主人公的称呼。
2998,【P3】,Jinx,抛物线,这是一个数学名词，是圆锥面被平行于母线的平面所截得的图形。在其上的点到一个定点和一条定直线的距离相等。它可以作为做匀加速运动的物体的运动轨迹。
3000,【E5】,浅安,二王八司马,如果断句错误的话，你会觉得这是一句詈语，其中含有三个骂人的词汇。但是实际上，这是十个唐朝人的合称，是指唐顺宗年间推行一系列善政的一批革新派官僚士大夫，主张打击宦官势力、革新政治。
3001,【Q4】,Jinx,七难九厄,这是一种迷信的说法，这个词的前两个字单独出现时，是一个佛教用语，指涉7种灾祸。而这个词本身的含义是在年龄尾数为特定值时容易遭受灾祸。
3002,【W4】,Jinx,我田引水,这是一个日本熟语，描述了一种自私自利的行径，意思与“自扫门前雪”类似。字面的意思是“只把水引向自己的田地”。
3004,【H5】,Jinx,霍尔丹效应,指氧气与血红蛋白结合可促使二氧化碳的释放，而去氧血红蛋白则容易与二氧化碳结合的现象。
3008,【L5】,katze,罗诉韦德案/露对威德案,这是一则美国联邦最高法院的判例，其诉诸第十四修正案的正当程序条款，以7比2的比例通过了判决，然而49年之后，该判例被以5比4的比例被推翻。该判例裁定孕妇选择堕胎的自由受宪法隐私权的保护。
3009,【D10】,Jinx,德克萨斯州诉约翰逊案/得克萨斯州诉约翰逊案,这是一则美国联邦最高法院1989年的判例，以5比4的比例裁定德州的相关法律违反宪法第一修正案，后人将这一裁定概括为“星条旗保护焚烧它的人”。
3010,【Q3】,尧庚,清华简,这是一套先秦古籍，最初被盗掘，在拍卖时被发现，被拍下后捐赠给一所大学。它用楚系文字记录，内容主要是古书，包括《尚书》与《筮法》。为西周灭亡原因提供新证据的是其中的《系年》。
3011,【D7】,待补充,达摩克利斯之剑,这是一个希腊文化中的典故，其中叙拉古的一位僭主为表现权力的危险，向他的朝臣展示了一把用马鬃悬挂的利剑。此典故以这位朝臣命名，现也比喻潜在的危机临近的状态。
3015,【K3】,浅安,侉依族/侉仡族/侉屹族,这是一个古代的少数民族，相传是早期居住在北方的游牧民族，擅长冶铁和炼油。在电视剧《少年包青天》中有所提到，第二个案件的凶手就是这个民族的人。
3016,【X2】,DD,熙提,其缩写为sb，1sb=10000nt，是亮度的单位。
3017,【L5】,浅安,列拿士地台,相传这个地名的来源是从右向左书写的英文，是由一个常见的英文名倒着写而得到的。它是位于香港的一个行人专用区。
3019,【G7】,浅安,甘孜藏族自治州,这个地名的七个字中有六个连续的字的拼音首字母相同。它曾经属于一个现在已经被撤销的省份，地处云贵高原与四川盆地过渡地带，现在则属于四川省。俗称康巴地区。
3024,【J2】,赖氨酸,金瓯,该词本意是指一类昂贵的酒器，在米芾《水调歌头·中秋》中有提及；后也被用以指代疆土的完整。
3027,【S4】,橙子,四大名北,这是对于四个高铁站的称呼，这四个高铁站均地级市+北而命名。因为高铁站与用以命名的地级市市区距离极远，对旅客造成严重的误导而闻名。
3028,【S4】,橙子,首都计划,这是北伐战争后国民政府定都南京所制定的城市规划文件，其结合了西方先进的城市规划理念和方法论与中国的美术。这也是中国首个现代城市规划。
3029,【M3】,橙子,民族志,这是一种人类学的研究方法，它主要通过田野工作而写作，它会对一个群体或文化的习俗、社会生活等信息进行描述，以此来研究和阐释文化与社会现象。
3030,【B4】,DD,不感蒸发,指体内水分从皮肤和粘膜表面不断渗出并汽化的过程，不易察觉，与汗腺活动无关。
3031,【C3】,DD,超滤液,指肾小球滤过生成的滤液。其成分除蛋白质外与血浆相近，渗透压和酸碱度也相近。
3035,【E3】,赖氨酸,萼绿华,这是一位传说中的人物，在李清照《晓梦》、李商隐《重过圣女祠》和一首《无题》中均有提及。相传她是一位在九嶷山中得道成仙的女子，曾经夜访羊权家。
3037,【J3】,橙子,金口河,这是一个位于四川省乐山市的市辖区，临近大渡河，曾经是中国三个仅有的工农区之一，不对外国人开放。
3038,【S3】,DD,肾糖阈,当血糖达到该浓度时，有一部分肾小管对葡萄糖吸收已达极限，尿中开始出现葡萄糖。
3039,【Z2】,橙子,昭觉,这是一个位于四川省凉山彝族自治州的县，与省会的一座著名禅林重名。
3040,【M2】,橙子,梅列,这是一个已经于2021年被撤销的行政区划，古称“尾历”，位于福建省三明市。
3042,【Y8】,尧庚,由于十分钟未开始,这是lvory经常说的一句话，经常被群友以谐音字的形式接龙；首两字与一种食物谐音；出现于“发 双音节”的10分钟之后。
3043,【G1/C1】,尧庚,构/榖/楮,这种桑科树木，雄花可食用，雌树结果似杨梅；有纤维内皮；被视为凶兆，曾在亳的城内生长过，伊陟为此劝诫大戊修行德政；可以用来造纸，与“墨”并举可以指文章；一种叫法易与“穀”混淆。
3044,【J2】,尧庚,焦点,这个词被引申为受关注之处；它原来是光学术语，在凹透镜中带前缀——“虚”，在凸透镜中经过此处的光线经折射后与主光轴平行。
3045,【H4】,赖氨酸,虎皮鹦鹉,这种小型鸟类在其原产地数量巨大。其野生型以绿色为主，头部黄色，带有黑色条纹。它们有一定的学语能力，易于饲养，是世界上最常见的宠物鸟之一。
3050,【S2】,赖氨酸,岁差,该现象是导致古今“北极星”并非同一星的原因，指地球自转轴在空间中的指向缓慢发生的周期性变化，周期约为二万六千年。
3051,【R4】,DD,溶剂拖曳,是一种转运方式，当水分子通过渗透被重吸收时，有些溶质可随水分子一起被转运。
3052,【J4】,DD,吉芬商品,指一种商品，在其他因素不改变的情况下，当商品价格在一定幅度内上升时，需求量增加，下降时，需求量减少。
3056,【G2】,北冥,狗卡,这是台湾的一类信用卡的昵称，它由台新银行发行，由于曾给出的高福利被封为“现金回馈神卡”，但于2024.12.1取消了绑定Line pay的3.8%回馈，并将回馈缩水成3%。它的全称是“GoGo卡”。
3057,【F4】,DD,辐辏反射,指当双眼注视某一近物或视物由远移近时，两眼视轴向鼻侧会聚的现象。又称视轴会聚。
3058,【B3】,浅安,八贤王,看起来像是好几个人，但实际上有两个人都可以被叫做这个。这两个人的时间跨度为七百年左右，且身份类似。前者一般被认为是正气凛然的形象，而后者则有一个滑稽的绰号。这个绰号是“阿其那”，而前者的真名叫赵德芳。
3062,【T4】,Jinx,天地无用,这是一部动画片的名字，同时在日语中是通常贴在包裹或货箱上的标语，标语省略了“入替”二字，目前已经因为易招致误解而停止使用，其意为“请勿倒置”。
3063,【Z2】,Jinx,磔刑,这个词在汉语和日语中指代的都是刑罚。日本的刑罚得名于其十字架刑具，长田忠致死于该刑罚。方孝孺、袁崇焕则死于汉语语境下的该刑罚。
3065,【J2】,Jinx,鸡佛,这个名称来源于某食材闽南语俗称的白字俗写。2021年台湾“阳光皇后”意式餐厅推出了一款以其为主食材的披萨。其大小如板栗，色泽微红稍黄，是内地烧烤中常见的食材，也可以做火锅的配料。它是某动物的某种生殖器官。
3066,【Y3】,赖氨酸,叶小鸾,这位逝世时仅17岁的明代词人以传说中的神鸟为名。她是明末文学家叶绍袁的女儿，著有《虞美人·看花》。
3067,【L2】,赖氨酸,陇山,这是古代著名的鹦鹉产地，在今六盘山一带，李白《鹦鹉洲》中提到了这个地方。
3068,【W4】,待补充,无敌之人,这是一个日本网络用语，由西村博之在2008年提出。意指那些在社会性上已经没有什么可以失去的，以至于犯罪时毫不犹豫的人。
3069,【G3】,Jinx,高飞车,这个词语本意是指将棋中的一种进攻的棋形，后被引申以指代强横、盛气凌人的态度或性格，是二次元的一种萌属性，代表人物有高坂桐乃。
3070,【Z3】,鉝貓,张家口,这是一个城市，位于该省西北部，车牌号是G，该城市旅游业发达，以冰雪产业为旅游招牌，协办了2022年北京冬奥会。
3071,【Z3】,鉝貓,张家界,这是一个城市，位于该省西北部，车牌号是G，该城市旅游业发达，有世界罕见的石英砂岩峰林地貌，是韩国人在中国旅游的最大目的地。
3072,【N3】,吹风机,鸟鸣集,这是法国作曲家、鸟类学家梅西安所创作的一部钢琴套曲，共13首，作品一方面表达各种鸟声的连续与各种鸟声的组合，另一方面表现鸟的栖息地在时间状态下的景色，再杂以时间的交代，如日出日落。
3073,【B4】,吹风机,悲喜同源,这是作曲家陈其钢创作的一部小提琴协奏曲，也指陈其钢创作的一部自传；该词的字面意义是“悲伤和快乐源自相同的根源或情境”。
3075,【D3】,吹风机,大赋格,这是一种音乐体裁，最为出名的该类作品由贝多芬创作，当时的评论家认为其“如中文一般混乱难懂”，而斯特拉文斯基盛赞其为“永远的当代音乐”；布索尼、吕绍恩等同样创作过该类作品。
3076,【S5】,V,十氧化四磷,这种白色粉末具有强烈的吸水性和腐蚀性，极易潮解。它是一种酸性氧化物，可由对应的单质在空气中燃烧制取。它在初中化学中便已出现，但那时的化学式是其真实分子式的一半。
3077,【M4】,吹风机,密接和应,这是复调音乐中常用的一种对位技巧，指的是主题或答题在不同声部紧凑重叠地进入，以营造紧张密集的和声效果。
3079,【Q4】,吹风机,强力集团,这是19世纪60年代由五名俄国进步的青年作曲家组成的团体，是俄罗斯民族音乐艺术创作队伍中的一支主力军；五人分别是巴拉基列夫、居伊、穆索尔斯基、鲍罗丁和里姆斯基-科萨科夫。
3080,【A4】,吹风机,奥芬巴赫,这是一名德裔法国作曲家、大提琴演奏家；曾创作大量歌剧，但仅有的一部广为流传的作品是《地狱里的奥菲欧》，其中包含著名的“康康舞曲”。
3083,【H2】,吹风机,黄自,这是一名中国重要的作曲家、音乐教育家，早年出国留学，最终英年早逝；曾创作出中国第一部清唱剧《长恨歌》。
3088,【Z6】,Jinx,郑伯克段于鄢,这是中国历史上的一个事件，是一起兄弟相争的事件，某种程度上可以看作是反向版的“曲沃代翼”，是《春秋》最早记录的事件之一。其中的那位国君在一部上世纪90年代的电视剧中由唐国强出演。
3089,【L3】,Jinx,鲁隐公,这位历史人物是活跃于春秋时代早期的一位诸侯国君。由于原本的太子年少，他以摄政的形式居国君之位，计划等太子长大再还位，但他最后被那位太子派的人暗杀。是《春秋》纪年中的第一位鲁国国君，名息姑。
3091,【S4】,Jinx,三四郎池,这是一处著名学府内的池塘，曾是古代庭园的一部分，池塘整体呈心形，因此原被称作育德园心字池。在夏目漱石创作了前期三部曲中的第一部小说后，因为两位主人在这座池塘边相遇，它得到了新的名字。
3092,【B7】,浅安,保加利亚乳杆菌,这是酸奶中的常见成分之一，其中前四个字是一个国家的名字；它是一种微生物，在分类上属于乳酸杆菌。
3093,【D4】,浅安,弹道导弹,这个词的四个字在九键输入法中的键位完全相同。它指的是在火箭发动机推力作用下按预定程序飞行，关机后按自由抛物体轨迹飞行的一种武器，具有只能保持预定的航向的特点。
3094,【S5】,Jinx,斯特拉斯堡/史特拉斯堡/施特拉斯堡,这是一座欧洲的城市。在历史上，这里的主权曾多次经过更迭。视觉小说《白色相簿2》的一个重要剧情在此地发生，粉丝称其为“白学堡”。它被誉为欧盟的“第二首都”，是莱茵河上的第二大港口。
3096,【L2】,ZXY,丽水,这是韩国的一个城市，与中国的一个同汉字名的地级市是友好城市。该城市曾举办过专业类世博会。它位于韩国南海岸，是全罗南道的第二大城市。
3098,【J4】,ZXY,韭菜盒子,这是中国多地流行的一种传统小吃，前两个字为其主要原材料之一，后两个字为一种容器，用来形容它的形状。
3100,【Y3】,浅安,圆周率,#>!$!%(@^%#%*(&(#@#*$^@^$##*#@&(%)@**$!(&!^(#((#&%!)%*@)(&$($$%(@#)&*!^$)^@*^@)*((*^@*)#$*@%#$@!!&)^&(>>>>>>在键盘上找到对应的下档字符即可。
3103,【S4】,浅安,四大名注,这是四部古代作品的合称，包括《三国XX》、《水XX》、《XXX》和另一部作品。其中，「另一部作品」的名字是五个字，而《水XX》的作者是郦道元。
3104,【H5】,浅安,花园幽径句,这是语法学中一种比较特殊的歧义现象，听/读句子或句子片段时，在局部产生了某种理解，但是到后面出现新的信息时，发现这种理解并非实际的意思，从而回过头来重新理解，最后得到实际的语义。
3105,【Z12】,Jinx,子子子子子子子子子子子子,这是一个日本的文字游戏，来源是嵯峨天皇向小野篁提出的一个问题，要求他读出一个用十二个相同汉字组成的句子。小野篁给出的句子的意思是：猫的孩子是小猫，狮子的孩子是小狮子。
3108,【Y2】,浅安,云吞,这种小吃有三个名字，其中一个的谐音词的英语正好是另一个的拼音的前五个字母，而【Y2】是它的第三个名字，它常用于南方地区。
3112,【Z1】,ZXY,甾,这是一个多音字，读第一个读音时本意为一种盛酒浆的陶器，第二个读音时本义同“灾”，现在在化学中用来表示类固醇。
3115,【L4】,Jinx,莉可丽丝/莉珂莉丝,这是一个植物属名的音译，该属曾属于百合科。该属的植物大多原产于东亚和南亚，它的英语名字直译成中文是蜘蛛百合。它同时是2022年7月的某部原创番剧的中文译名。
3122,【S4】,台风吧友,山东泰山,该俱乐部是中超老牌俱乐部，共获得5个中超冠军和8个中国足协杯冠军。其队名含有其所在省内重要地标，该俱乐部主场球衣为橙色。
3123,【J6】,台风吧友,机动车驾驶证,截止2024年底，该证件全国约有40%的人拥有，需要一定考试才能获得，考试难度近些年有所加大。不少人在高考后和大学期间主动参加该证件的考试。
3124,【G2】,鉝貓,贯众,这是鳞毛蕨科的一个属，叶片一回羽状，头部2个羽片常合生。羽片背面有分布不规则的大量孢子囊群。同名中药并非本属成员，而是粗茎鳞毛蕨。
3125,【G3】,鉝貓,骨碎补,一种蕨类植物，根状茎横走且有大量白色长毛，叶片五边形。入药可以治疗跌打损伤，这种植物因此得名。
